user_session,categories
0015e2a2-b56b-4ef7-a764-87bd8e751fb1,"electronics.smartphone,Unknown"
003c535c-99d7-46a7-a48d-d15847dd24e3,"appliances.environment.water_heater,Unknown"
00c659ee-ad40-4936-a738-ff411a741f4b,"kids.toys,Unknown"
0109db60-4ff1-48d1-991b-bfb8309a69f5,"apparel.shoes.keds,electronics.smartphone,Unknown"
014148da-8e4e-450b-b524-291c12e08ad0,"appliances.iron,Unknown"
01c508a9-8b26-4cc5-b501-058bf83c3335,"electronics.clocks,electronics.smartphone"
02e80966-e05d-485f-8e92-d84af0a9d577,"electronics.audio.headphone,Unknown"
06565bce-c64c-4d84-8deb-64959d33ce7f,"electronics.smartphone,Unknown"
072b304b-daf1-4f5a-8dde-e79f0644f0b1,"electronics.smartphone,Unknown"
073f4ff2-e4a8-4d6b-ac5f-7cc235f76355,"electronics.smartphone,Unknown"
0761b5ab-605c-4fec-a6a5-14a7b53a6b06,"electronics.smartphone,electronics.video.tv"
0a159edf-c3e2-4814-95a3-d22cc6e66baa,"electronics.smartphone,Unknown"
0a8c5ea6-c9cc-404f-878f-1b5714b811fb,"electronics.clocks,electronics.smartphone"
0ad3c873-a324-8ca5-b03a-5d80390c48f8,"appliances.kitchen.washer,Unknown"
0b2bab53-7053-4df4-875e-91ed0cf2ba91,"appliances.kitchen.microwave,electronics.smartphone,kids.carriage"
0be46dad-43ce-4426-abc3-7faa7f101ba3,"appliances.kitchen.washer,electronics.smartphone,electronics.video.tv"
0c6962ce-9634-4a83-8fd8-332aeee7220f,"electronics.smartphone,electronics.video.tv"
0c9e0384-d233-40b3-b1bc-a9d7673447c7,"electronics.smartphone,Unknown"
0d61351e-16fc-4c0a-b8e3-24b74c9ae0a5,"appliances.environment.water_heater,Unknown"
0d7f0385-fbdf-4611-811a-e502895b0aa2,"appliances.kitchen.washer,electronics.video.tv"
0e917dc1-3960-49cf-9992-885ae033a463,"electronics.smartphone,Unknown"
0f648216-9c10-4d14-852e-c0fa4c2cfbaa,"auto.accessories.player,Unknown"
1025ed93-341b-4b67-b154-ab83ee5eb503,"appliances.environment.vacuum,appliances.kitchen.hob"
108858bb-8631-4723-8caf-bf70958a635e,"electronics.smartphone,Unknown"
108bc76a-51c8-4ded-89c9-79946e4c9bda,"electronics.smartphone,electronics.video.tv"
1171e92e-2c0e-4fab-95cb-ba7ab0c511d0,"computers.notebook,electronics.smartphone"
11de825f-c8fe-4487-9cd5-6d3c9ea7a818,"electronics.smartphone,Unknown"
11f71098-6661-4e8c-a4e7-a4c2537fcada,"appliances.kitchen.refrigerators,appliances.kitchen.washer"
1295642b-1568-4743-bbb0-ba4b77fb291a,"electronics.clocks,electronics.smartphone"
1369a85e-4db0-4c60-b8af-2359c34bc977,"furniture.bedroom.bed,Unknown"
13a1bf52-8f07-489c-9767-fc9732d40aa2,"electronics.audio.headphone,electronics.smartphone"
1517aca6-7d6b-489e-8529-37d7ca8248b2,"electronics.smartphone,Unknown"
15498623-600d-4e81-9410-7dd5b3881c3b,"appliances.kitchen.washer,electronics.audio.headphone"
1595fc63-e31a-4828-a1ad-edb7336d4b30,"computers.notebook,electronics.smartphone"
16c0468b-1724-4f97-a9c5-2708f685976e,"electronics.tablet,furniture.living_room.cabinet"
174d4364-c896-479a-a8b2-4b6fa1accaf1,"electronics.smartphone,electronics.video.tv"
18138e9d-1893-49c6-8379-28d676107654,"apparel.shoes,Unknown"
1956954d-81d7-4531-bdc2-a3bfa1c8ec63,"electronics.clocks,electronics.smartphone"
1a3ee8bb-9562-4998-b47e-52d600eba585,"electronics.smartphone,Unknown"
1a52ae34-5315-43d9-aaae-eaa84b15b4a9,"electronics.smartphone,Unknown"
1aa592a9-071c-4549-98e5-337e8472936d,"electronics.smartphone,electronics.tablet"
1d49a530-5af4-4ab1-ac24-e32d65341869,"electronics.smartphone,Unknown"
1dce117e-373c-4e27-8b7f-b2203d58acfb,"electronics.smartphone,kids.toys"
1dce7659-fd1f-4ade-b7b6-ece2e8b111b9,"electronics.audio.headphone,electronics.smartphone"
1e390127-ed35-4887-b443-769453577344,"electronics.clocks,Unknown"
1f0b159c-e1a0-415f-94dc-22f656c33884,"furniture.bedroom.bed,furniture.kitchen.chair"
20807d7a-0262-4f3a-aedc-e416ddfe14ba,"appliances.environment.water_heater,appliances.kitchen.washer"
21558a8c-42cd-4067-8f5c-6b6c5c8218ea,"electronics.audio.headphone,Unknown"
2170ad73-0be3-49a9-a8f7-836ec1ec7435,"electronics.video.tv,Unknown"
21abf249-4483-4de5-ab78-e91ed847d03c,"kids.toys,Unknown"
21df524e-8be9-4694-9086-eff256e4d0f7,"appliances.kitchen.refrigerators,electronics.smartphone"
21e68d9f-107a-4295-9101-66e24ccfd59e,"construction.tools.drill,Unknown"
2202cdef-26f5-4b1a-916c-c0b0daa3ed5c,"electronics.smartphone,Unknown"
221d01f5-8520-4e6f-97c0-ecb557bfab75,"electronics.audio.subwoofer,Unknown"
244f8991-0a62-489d-a9e4-56b8bbb84902,"appliances.environment.vacuum,Unknown"
24a82bf8-6262-4892-93ec-b94651681318,"electronics.smartphone,Unknown"
25b9eb64-9bea-45bb-a7a1-4a2881dbebe5,"appliances.environment.air_heater,appliances.kitchen.kettle"
2692a1d0-0afc-4310-8ad0-61134780c0b5,"electronics.audio.headphone,electronics.smartphone"
276a1f4a-b106-498f-932b-edbbf23c14a0,"electronics.smartphone,Unknown"
27ab2bdd-4c8f-4358-b7f3-75515c47ddcb,"appliances.kitchen.washer,electronics.smartphone"
27bd42c2-c480-4a78-a348-728506c7f1cb,"electronics.smartphone,Unknown"
280ede6f-7d20-4f95-b981-71db6ad2298a,"electronics.audio.headphone,electronics.smartphone"
28f30519-2a38-4555-bb26-8f487c1842ef,"electronics.smartphone,Unknown"
2a99f527-4e4c-453a-97bb-12035ac7720b,"electronics.smartphone,Unknown"
2aa6ce2a-dddc-4fd3-8ca6-664ccb75614f,"electronics.smartphone,electronics.video.tv"
2ad19690-5be9-4d5d-8d38-6cd5a4b30a4d,"furniture.bedroom.blanket,furniture.bedroom.pillow"
2ade6a8c-d7e9-4c28-a472-c0162490a7cf,"furniture.bedroom.blanket,Unknown"
2af8b363-4ac4-4368-aa4a-2f1760099715,"furniture.bathroom.toilet,Unknown"
2f0aa122-74f1-0fc2-3470-f3171e76b435,"electronics.smartphone,Unknown"
2f2afa78-5f3f-4129-8efb-c6a9fcc8f018,"auto.accessories.player,electronics.smartphone"
2f4ce2dd-7564-4c33-b6ea-129d1b003ed8,"electronics.clocks,electronics.smartphone"
3012a43a-080d-4ab8-ae6b-aa01761ee9e4,"appliances.kitchen.washer,electronics.video.tv"
3023556d-a19a-4e61-85be-efcd562ad4c5,"appliances.sewing_machine,construction.tools.generator"
30cbbd65-f646-43a2-8f8a-e1b9534c8085,"electronics.camera.photo,electronics.smartphone"
310be5e6-334b-45b4-b3ac-342ddc2dfa24,"auto.accessories.alarm,auto.accessories.videoregister"
31160dab-09b5-421e-bf14-23339754650b,"kids.toys,Unknown"
3141691c-5ae9-4bcc-b7ae-dea3a2eed6ff,"electronics.smartphone,Unknown"
31e7e2e1-976b-4799-8d87-c5609800fa48,"appliances.kitchen.steam_cooker,Unknown"
3380da7e-90ff-4965-ac7a-47c8a431f1dd,"electronics.smartphone,Unknown"
34b544d4-aa82-40b5-b796-451f05bf6c7f,"appliances.environment.vacuum,electronics.video.tv"
35a5f8fe-1ac0-459b-9925-2d63f2928744,"electronics.clocks,Unknown"
35d4694b-ccc5-4f46-a846-5d53bf2b5feb,"electronics.smartphone,Unknown"
37d8ff12-7286-43b7-8d2e-8176d2235952,"construction.tools.drill,Unknown"
37dad17c-b059-4c4c-a4dd-50c70f8cdd8d,"electronics.smartphone,Unknown"
37e0c7d8-dd6f-4e08-af96-76da624ce23d,"furniture.bedroom.bed,Unknown"
388b00a5-3585-43ae-8642-f625f2d8d453,"appliances.kitchen.hood,electronics.smartphone"
3923c993-4939-4d93-ad3d-6abfddbdee2e,"appliances.personal.hair_cutter,electronics.smartphone"
392f42c8-6d9e-4915-bfff-f240a92bb6b0,"auto.accessories.alarm,Unknown"
39766cf5-6fe9-4874-b511-5bcaa493029a,"computers.desktop,computers.notebook"
39b37e31-8256-4f32-b44a-181792a662d7,"computers.notebook,electronics.audio.headphone,electronics.smartphone"
39df7d39-1d7f-44ac-b5ff-0f8529d2f5e7,"electronics.smartphone,Unknown"
3b58d366-5e04-43be-8e14-a412a76d1a54,"computers.notebook,Unknown"
3be6d48a-fc82-4d05-b58b-aea9af7e7667,"appliances.kitchen.blender,appliances.kitchen.meat_grinder"
3bef675c-eb08-496d-8ebf-770eb46eec0f,"electronics.audio.headphone,Unknown"
3c6b4e00-0b8e-4f06-a721-430642c6bfc5,"appliances.kitchen.washer,Unknown"
3c83884c-4079-4fde-9153-2b84d2a89249,"electronics.smartphone,Unknown"
3cb66cbc-5630-4128-a9ed-6bcf3dbd5696,"electronics.smartphone,Unknown"
3e0db92b-9f2a-40c7-9b9f-44a08dd2e844,"appliances.kitchen.refrigerators,electronics.video.tv"
3e202da7-ee2a-4d31-83bf-7898ae992422,"electronics.smartphone,Unknown"
3e2cbd34-2604-42a1-9ad5-441459f72d9f,"electronics.audio.headphone,electronics.smartphone"
3e4d8447-200d-4c0d-845b-a4b6aa79a427,"electronics.video.tv,Unknown"
3e776bdc-2747-4f2b-bc77-582171728eaf,"computers.notebook,computers.peripherals.mouse"
3ee84c20-17ce-4c55-8284-1630e50e7d7a,"electronics.audio.headphone,electronics.smartphone"
3f6a51e2-464e-42e4-9db1-78297eb50645,"appliances.kitchen.washer,electronics.smartphone"
40902eeb-4fa3-49d5-8294-82f5241d6b92,"electronics.audio.headphone,electronics.smartphone"
40df1121-1f9b-4cbc-9d7b-2a985df75060,"appliances.kitchen.refrigerators,electronics.audio.headphone"
4140fe77-31c0-42dd-b04c-517be7cef26e,"electronics.audio.headphone,Unknown"
4148cb46-3170-4238-bf4b-de73e369bc3b,"appliances.kitchen.mixer,electronics.smartphone"
41873611-2842-4069-8c92-8a2d0e8f24d1,"appliances.kitchen.microwave,electronics.clocks,electronics.smartphone"
41f7395d-46b6-407f-aff7-de59d9323efc,"appliances.kitchen.washer,electronics.smartphone"
42f18eba-7928-49f8-9eac-66bf11ffe378,"kids.fmcg.diapers,Unknown"
430483dc-7ed2-47bf-a1b1-3404ea5d448b,"appliances.kitchen.hob,appliances.kitchen.washer"
43c932d9-4377-4667-96f6-60950b302dfb,"appliances.kitchen.washer,Unknown"
44dc149b-5b0d-4969-ba43-75ff6af2e127,"appliances.kitchen.refrigerators,appliances.kitchen.washer"
4688ec76-aff9-43cf-9d40-3858b27d0777,"electronics.smartphone,Unknown"
46b71dac-6138-4e31-85b5-c4a65801b331,"appliances.kitchen.meat_grinder,Unknown"
46b7a273-6d2c-4d32-9b9c-07813334966f,"appliances.kitchen.blender,Unknown"
477c9a9d-e4f8-415b-ab32-5cce2d00ea62,"appliances.environment.vacuum,electronics.smartphone"
477f6636-7e54-4b3f-af09-fe7788e9b581,"appliances.kitchen.hob,appliances.kitchen.hood"
480e7491-35ab-4196-b308-b1d8e1d1cd9c,"electronics.clocks,electronics.smartphone"
487060b5-aa15-4102-92db-65f143b6e23d,"furniture.kitchen.table,Unknown"
489f661b-fa07-a8ca-aab6-9166a3beb36f,"appliances.environment.vacuum,electronics.clocks"
4965b322-51c2-4fc4-82fc-e8e3f7011129,"appliances.kitchen.hob,appliances.kitchen.oven,appliances.kitchen.refrigerators,appliances.kitchen.washer"
49930920-ff4c-44b2-bf29-298010b239ed,"electronics.video.tv,Unknown"
4a249402-aab5-4148-b622-aa19a2459c15,"appliances.environment.air_conditioner,electronics.video.tv"
4aa66a38-0faf-41e3-84e8-23d9fad40822,"appliances.kitchen.oven,electronics.smartphone,electronics.video.tv"
4adb9a0f-a503-4761-8fde-3d8608e64c44,"electronics.smartphone,Unknown"
4adbb1d4-3252-4b13-8e37-8c268e1fc759,"electronics.smartphone,Unknown"
4ba13766-76e8-47c9-97c5-ee1d53daaace,"electronics.smartphone,furniture.living_room.cabinet"
4d077aef-a0f3-4dcd-a474-17453a6631ab,"auto.accessories.compressor,construction.tools.saw"
4d6555c4-9a23-483c-8871-7015d25216f6,"appliances.personal.hair_cutter,Unknown"
4d7cc3a9-acee-47f3-a092-2f218a40d5ce,"appliances.environment.vacuum,appliances.kitchen.kettle"
4e55ac85-f691-4b62-a591-34257f7cbd70,"electronics.clocks,Unknown"
4f606ffb-3fd5-4637-ab1c-0ae6a5d10621,"electronics.smartphone,Unknown"
4f781865-2849-4a61-b39c-e2aa3632fbd2,"appliances.iron,electronics.smartphone,furniture.kitchen.chair"
511d56e6-d812-43ef-b70d-4381a83e0b87,"apparel.shoes,apparel.shoes.sandals,Unknown"
51bcd292-d82e-4c87-8bc6-eb7e06b1fd08,"appliances.kitchen.mixer,Unknown"
51c84055-75af-458e-bdd2-da7e9010e88f,"appliances.kitchen.oven,Unknown"
521ac034-b0e5-48f6-8128-fed822dbe0b0,"construction.tools.drill,Unknown"
525b6d17-0d33-4eba-ae7c-5603ba01a290,"electronics.smartphone,Unknown"
527deb10-11a7-456f-8d6c-b1b99b3095b3,"apparel.costume,electronics.smartphone"
52f68555-d9ab-432d-a480-df4f90e378d5,"electronics.smartphone,Unknown"
53038dab-3930-49ab-b61c-d0d3abdaa299,"appliances.kitchen.dishwasher,appliances.kitchen.refrigerators"
5365c5cf-138b-4c2e-bd04-1643ecf07f20,"appliances.environment.water_heater,electronics.smartphone"
53b86d48-1c95-42ce-b055-c3a3261ad3de,"electronics.smartphone,kids.carriage"
560d7e80-7bc9-419d-a9e1-ee9d138c323d,"appliances.kitchen.blender,electronics.video.tv,Unknown"
566bfb99-bcb3-4185-b0dd-bb27ed065978,"electronics.audio.headphone,electronics.smartphone"
569cb8fc-f50f-43c4-a25a-e2071bdc6084,"electronics.audio.headphone,electronics.smartphone"
56abf891-9635-42c7-a69a-b6f653fdf7e5,"appliances.kitchen.washer,electronics.audio.headphone"
574e9821-09fc-4aa7-8248-5b63294a70a7,"apparel.jeans,computers.notebook"
575829b4-50ed-4ff3-aab7-e86b45c6dbd9,"appliances.kitchen.refrigerators,electronics.video.tv,Unknown"
5a1a5898-4ad9-46eb-9e5e-8a2e2ea4eb64,"electronics.smartphone,Unknown"
5a21b784-de64-4958-b633-ad6b2777d576,"electronics.clocks,Unknown"
5a4967d9-7b81-42af-9398-f4463f4c2c1e,"appliances.kitchen.washer,electronics.smartphone,electronics.video.tv"
5bec5cc7-0277-4686-b3a2-9a20bb345abc,"construction.tools.saw,Unknown"
5c94ce59-59a9-4246-82b8-a31196c1e2c9,"electronics.audio.headphone,electronics.clocks"
5c9d9298-f68b-4488-8ec5-708e7fd84528,"electronics.clocks,electronics.smartphone"
5cd02340-8151-4f44-b114-29f2d6d03d54,"electronics.audio.headphone,electronics.smartphone"
5d02e588-04c8-447f-a594-ffbc47224f70,"appliances.kitchen.washer,Unknown"
5d3df917-adc0-4fb8-bfb2-244602312283,"electronics.smartphone,electronics.telephone"
5dc3b6bb-34ed-4428-adcb-a0a93fa83e55,"computers.desktop,computers.notebook"
5e19b82f-22a4-4e48-b9c1-6c4171d23b2d,"computers.desktop,Unknown"
5ef87daf-3ce5-4bc9-a25e-d901aed78df4,"appliances.kitchen.washer,electronics.smartphone,electronics.video.tv"
5f3d877a-f5da-499b-b90c-d2fca1a0855f,"electronics.smartphone,Unknown"
5fa020b0-5484-4a22-9031-965a71a5c9db,"electronics.smartphone,Unknown"
60edec19-e5d7-4417-8002-129f3dae17c2,"furniture.living_room.cabinet,Unknown"
611558a8-b03b-4677-842a-aa8d93fc2d91,"electronics.smartphone,Unknown"
61ccf5c9-d42e-4ba2-91f7-526c11668a9a,"appliances.environment.vacuum,appliances.iron"
62a2cfde-c1ea-480b-adc7-fff7d7f10e27,"appliances.kitchen.microwave,appliances.kitchen.refrigerators,kids.carriage,sport.trainer,Unknown"
639518d8-14dc-436b-97a6-1c8198961e19,"furniture.bedroom.bed,Unknown"
63a6df54-e4e4-498c-ac93-18caeb0a2fd9,"construction.tools.drill,Unknown"
655eac3a-21ff-4328-af9a-238736c0a056,"apparel.shoes,electronics.audio.headphone"
65c217ca-3edf-447c-826c-876498987bba,"electronics.smartphone,Unknown"
65c28641-de86-4c2c-8b6b-1426fbf9a26b,"electronics.smartphone,electronics.tablet"
65f7b8eb-a547-429e-98d5-5f9e93ff19ca,"appliances.environment.vacuum,electronics.smartphone"
66a249d3-77f0-4af3-89a0-09b7cdbd2703,"electronics.audio.headphone,electronics.smartphone"
673670e7-af6e-4624-bba1-1a8dac78ea0a,"appliances.kitchen.refrigerators,Unknown"
6738aaa2-f9d6-4b19-90be-b1c8059526f4,"appliances.kitchen.microwave,electronics.smartphone"
6767efe2-248d-4f24-806b-6e56218e89de,"appliances.kitchen.oven,appliances.kitchen.washer"
67c9bdc6-092b-4781-8126-c28132b5cb1c,"accessories.bag,accessories.wallet"
68886270-f06a-46db-8885-73230c0b90db,"electronics.smartphone,electronics.video.tv"
69dbc919-277f-43dd-8468-a66726d5a868,"appliances.environment.vacuum,Unknown"
6a43e5a6-1304-4205-94c5-679cb330fc3d,"auto.accessories.alarm,Unknown"
6a49123e-d10f-4553-b886-73c9079bc61e,"computers.desktop,electronics.clocks"
6bda5953-799a-4a82-b61b-f243d027e1a3,"electronics.smartphone,Unknown"
6c8597f1-be1f-4e3c-9665-e1bc3bb62224,"electronics.audio.headphone,electronics.smartphone"
6c8b18e6-e5e9-4f4c-9579-37958ba8b362,"appliances.kitchen.refrigerators,appliances.kitchen.washer"
6caa8b7f-5423-4eb5-93fb-81dfed429942,"auto.accessories.player,Unknown"
6cbfccbf-0868-4a4a-ba65-26c394c1b8de,"appliances.environment.vacuum,electronics.smartphone"
6d1dc01a-9904-4b0b-8395-c29143fbb149,"electronics.audio.headphone,electronics.smartphone"
6d53d424-3fe3-438e-888c-0a555ce625a0,"appliances.kitchen.refrigerators,electronics.video.tv"
6d74077a-f28e-4584-aa51-ed909561f6ac,"electronics.audio.headphone,electronics.clocks"
6d9f3a21-1ee3-4e76-85d8-04255c7fd586,"appliances.kitchen.blender,appliances.kitchen.meat_grinder,Unknown"
6e81f42f-5139-46de-b4cb-df599a22dbd3,"electronics.smartphone,Unknown"
6eb4b701-8031-44d3-acf4-a92e394ec6ac,"electronics.audio.headphone,electronics.smartphone"
6eca7a00-1817-4820-acf3-f0984deec4b5,"computers.notebook,Unknown"
6ee59d84-be94-4a76-bbbc-0cccc8eee3ea,"electronics.smartphone,electronics.tablet"
6f591816-83b8-4332-ab05-ad04acc625c2,"accessories.wallet,electronics.clocks,Unknown"
724f7741-719d-4cf8-b7ef-72686ff975af,"furniture.kitchen.table,Unknown"
73441f38-a0f1-4322-9ce3-f59cc94974e7,"appliances.personal.scales,Unknown"
737f6225-9db7-4dec-9890-dc54478e1c55,"computers.notebook,electronics.audio.headphone"
7442359c-df5d-434d-817b-448bb646f6e9,"electronics.audio.headphone,Unknown"
74bbbf85-8a6c-4db5-938d-b900790ec19c,"electronics.clocks,electronics.smartphone"
74cab569-ff41-4ea9-b66e-943451a6ebd7,"computers.notebook,electronics.smartphone"
74cf09da-c945-4480-8dcf-f84637351464,"appliances.kitchen.meat_grinder,electronics.smartphone"
756ac5c1-30e5-473f-aaf9-1c37a40f9555,"appliances.kitchen.refrigerators,electronics.smartphone"
764282af-3fee-4f96-841e-dd8a4d03f8ff,"electronics.clocks,electronics.smartphone"
77226b11-9cc9-4588-b8de-8b36c97ac765,"electronics.clocks,electronics.smartphone"
783907f5-a874-4c31-9c9b-f17a1e2f4c03,"kids.toys,Unknown"
7875eaf8-8f0e-4cf9-abdd-af63315b439c,"electronics.clocks,electronics.smartphone"
792dae80-feb0-456a-97c3-57b0b2d1b387,"computers.desktop,electronics.smartphone"
798198e7-80cc-4449-bc25-9a4e4f3f9114,"appliances.ironing_board,Unknown"
7a593e1b-4962-4a5e-bb3e-d9bb8b8d1cc2,"electronics.video.tv,Unknown"
7a9368a8-9702-4cbd-b8de-de42660bfd70,"electronics.clocks,Unknown"
7b4338e7-c666-411b-8434-85406eb267c8,"appliances.environment.vacuum,Unknown"
7c736ff1-0981-4e07-ba72-5b94b1f4221e,"computers.peripherals.keyboard,computers.peripherals.mouse"
7d42af4b-dd8b-4505-85e0-e96dc000f65a,"electronics.smartphone,furniture.bedroom.bed"
7fcbe47a-b1e3-438f-800c-6011a339530d,"electronics.audio.headphone,electronics.smartphone"
80e33722-b452-4237-9722-6ffdec4568fb,"electronics.smartphone,kids.toys"
817a126c-6bd9-42b5-9980-0f43794c5214,"construction.tools.drill,Unknown"
81b16ad1-644a-4871-bb97-91fb0e6129dc,"appliances.kitchen.refrigerators,appliances.kitchen.washer"
82d1531a-eace-4f45-b509-44d783433c43,"electronics.clocks,electronics.smartphone"
82f3213d-2303-4c0d-b7b2-de69eb1ca62d,"electronics.audio.headphone,electronics.smartphone"
831ff517-bea8-42f0-bb00-fb1166440999,"electronics.smartphone,Unknown"
8342eb9f-302f-490b-b642-933b09c73841,"electronics.smartphone,Unknown"
84922520-ad68-42d9-818f-f155d71e688a,"electronics.audio.headphone,electronics.smartphone"
84f85927-11e7-403c-bec8-38af22341477,"computers.desktop,Unknown"
8598aa8d-61cf-4117-aaa9-75ce3fd3e424,"electronics.audio.headphone,kids.toys"
86073dc4-10d9-4c59-899a-74d8c17045ac,"computers.notebook,electronics.smartphone"
860ad05d-92a6-4190-94ae-fd9339f4c846,"electronics.audio.headphone,electronics.smartphone"
86125f3e-b274-4c64-b6c4-fdeea4a985ac,"electronics.smartphone,electronics.video.tv"
86403207-bd59-426e-a4f1-31c3cd57cb89,"auto.accessories.videoregister,computers.peripherals.printer"
868d096b-30d3-493b-a331-9c86f7b1b4ae,"electronics.audio.headphone,electronics.smartphone"
87217edb-a778-4043-8957-b797ef7878b2,"computers.components.hdd,computers.components.videocards"
88bdd3ed-3627-4207-8153-db32bd910a03,"furniture.living_room.sofa,Unknown"
8a5066d6-249e-4cb1-a3c6-984f87e2d3d9,"appliances.kitchen.refrigerators,Unknown"
8a6ec3d8-4ec1-4543-8607-d3df3f2c3a5d,"appliances.environment.vacuum,appliances.iron"
8a8125f3-c7bd-401c-a5fe-d742fc6b6b51,"electronics.audio.headphone,Unknown"
8ab4b776-e707-4568-8cbb-32893406cd86,"appliances.environment.vacuum,appliances.kitchen.refrigerators,electronics.audio.microphone"
8c61e1d5-d9c6-4442-b509-416e62b576b8,"electronics.audio.headphone,Unknown"
8c63035e-413a-432f-96de-f6756f1e6d88,"electronics.smartphone,furniture.living_room.sofa"
8c78a5e1-e6b5-4703-adc9-59176cf71dc2,"electronics.audio.headphone,electronics.smartphone"
8cae430a-e7db-4258-bae5-2f923b1ab34a,"construction.components.faucet,Unknown"
8cbfaa71-04aa-4592-a310-7808fe7b470d,"appliances.environment.vacuum,electronics.video.tv"
8cda1deb-b613-4ff5-939b-78b58ba2a9ff,"appliances.kitchen.kettle,Unknown"
8cdde1f9-4038-4de1-b44c-2fd2c84bd88a,"electronics.smartphone,Unknown"
8eeefa6d-fc87-4186-a8c9-a80c27cf48de,"electronics.audio.headphone,Unknown"
8fa2d4a8-fd4f-4eff-8987-7e758c9e6eec,"electronics.smartphone,Unknown"
91174bef-740f-4b26-b021-a63ff626d261,"electronics.smartphone,Unknown"
9186b8db-17fc-488a-a1b3-ee77532bd414,"appliances.iron,appliances.kitchen.blender"
91a14326-ed25-4212-9bad-1de3a1859308,"computers.notebook,electronics.video.tv"
91ed6235-7586-41a9-9826-5e49de6d80c0,"electronics.audio.headphone,electronics.smartphone"
925c40af-459b-4653-a86a-4ef772feacb4,"electronics.audio.headphone,electronics.smartphone"
9331a34f-726f-47ab-83b7-c76ae8a60a78,"electronics.video.tv,furniture.bedroom.bed"
9369aee4-e500-4367-95e1-ef0dc9081c25,"electronics.video.tv,Unknown"
938aeef1-30b7-4fb7-872f-a8288fa5379f,"construction.components.faucet,Unknown"
9390bc82-a49c-440a-b80d-69569d6a04da,"auto.accessories.player,electronics.audio.subwoofer"
93dd4893-4b2f-452c-b105-fe93aaa99830,"computers.notebook,computers.peripherals.printer,electronics.smartphone"
93ec5b92-0e75-402b-9f13-00c9bde7c55c,"computers.components.cpu,computers.components.motherboard"
95e9ba0d-c5c9-4af1-a528-8d99c27c1541,"appliances.kitchen.microwave,electronics.video.tv"
962cdb27-3219-445f-a060-3cbdff9b768c,"appliances.kitchen.refrigerators,electronics.smartphone"
967e0822-8203-4be7-b597-5b7e5fed9cdc,"electronics.video.tv,Unknown"
96f18493-1a26-4b10-af3d-141157fadcd0,"appliances.kitchen.hob,appliances.kitchen.hood"
98a26f30-9f40-4daa-934b-041f4f48b303,"computers.desktop,electronics.smartphone"
9914a6fb-d506-4d17-aa74-35cd5c2b2b40,"electronics.clocks,Unknown"
9d312612-e01f-488c-8a37-a3605ea6346a,"furniture.kitchen.table,furniture.living_room.cabinet"
9d3ae0fc-7766-4add-ac9d-bc0a4c0a9662,"electronics.audio.headphone,Unknown"
9d3b48d5-67ca-45e6-84ec-9c322c82534e,"appliances.environment.vacuum,appliances.iron,Unknown"
9dcc2635-02a7-4dd1-ae87-6f2a1e59b18e,"appliances.environment.air_heater,computers.components.cooler,computers.desktop"
9df654ab-a284-4c54-93f7-df5964f577cb,"electronics.audio.headphone,electronics.smartphone"
9fc404ad-6ac2-4df5-9699-9fcfd3e95b67,"electronics.telephone,Unknown"
a0648219-274f-45bc-a0d7-5ab7d8f192af,"furniture.bedroom.bed,Unknown"
a0e0c0a0-c50f-4a59-a7d2-81cd8e5c76ff,"appliances.kitchen.refrigerators,Unknown"
a10ba4f8-26bb-4ecf-8f71-6626711bfd2f,"electronics.smartphone,Unknown"
a14ffd25-fdac-4b89-b1b3-759ebc4da46c,"computers.notebook,electronics.audio.headphone,electronics.smartphone"
a16192a4-5b9e-4997-9ee2-2f4488ab3ba4,"appliances.kitchen.refrigerators,Unknown"
a1ae98c9-ee45-433d-beaf-6d47c4387a95,"electronics.smartphone,electronics.video.tv"
a2557850-87e2-42c8-89a3-6806ef55a8a8,"appliances.environment.water_heater,construction.tools.generator"
a27854a0-5ba7-4147-8cd8-4837f9f71f0b,"electronics.audio.headphone,electronics.smartphone"
a31753d8-f300-4103-8530-358dfe58dedb,"electronics.audio.headphone,electronics.clocks"
a3f9658a-8c6d-4bf1-bd25-7b096c3d97bf,"appliances.kitchen.washer,electronics.smartphone"
a3fa0e0b-ebd3-4e13-86a4-fa4e2481e9ff,"electronics.audio.headphone,electronics.clocks"
a4c4b911-159b-41ba-9eb9-1a45bd37561d,"furniture.bedroom.bed,Unknown"
a5f12ca6-20ca-461a-953c-80d169da33db,"furniture.living_room.cabinet,Unknown"
a65bd311-9d0d-4682-bc90-c44b4ca7e2a4,"apparel.dress,Unknown"
a6fa1292-c91e-45a6-b866-eb995b143e0b,"apparel.shoes,electronics.smartphone"
a7c11036-e82d-41cc-bef1-4f06e5318548,"electronics.clocks,Unknown"
a7d053d6-664a-49f3-9745-d0f944ba3fb3,"appliances.kitchen.washer,electronics.smartphone"
a83771b8-d64b-4ce2-886d-07b47c27dee6,"electronics.clocks,Unknown"
a8f40e8d-aec0-4add-9da9-e38e64d78523,"electronics.smartphone,Unknown"
a90b3177-1a96-4615-8085-9ca29940f989,"appliances.iron,appliances.kitchen.washer"
a94bf7d1-96ca-489d-abb1-5d7a429a0564,"sport.bicycle,Unknown"
aa194b30-878e-4d74-a66d-9813ba4ff391,"electronics.smartphone,Unknown"
aa6efda9-3a16-4c71-b4cb-abb7aa0f046e,"appliances.environment.vacuum,appliances.kitchen.microwave"
ab9cb1e3-525a-41f6-ae73-77e7cf181e8a,"electronics.smartphone,electronics.video.tv"
ac25f010-b653-4cf2-b70d-d789cbecdf88,"electronics.clocks,electronics.smartphone"
ac945698-820f-483e-9844-67912e037027,"electronics.smartphone,Unknown"
ad1d15df-c9e8-4d42-9458-9d142f6032e6,"appliances.kitchen.toster,Unknown"
ad2c23c5-bcb7-41f5-a148-9242bc22c1d2,"electronics.smartphone,Unknown"
ad612c18-c276-4198-b9d7-13ada0525c57,"electronics.clocks,kids.carriage"
aebea55e-db8b-4371-84b5-14a8fb63843b,"electronics.smartphone,Unknown"
aef05992-01f3-4dbe-9d57-396e16e2ac97,"electronics.audio.headphone,electronics.smartphone"
af32fbd1-be76-4109-9ffe-b79fe3864def,"construction.tools.drill,Unknown"
afa6fe69-2e31-43a8-b28e-333ea8ee2d39,"appliances.kitchen.washer,electronics.video.tv"
b05a3a09-745c-4d44-9540-08c701036eaf,"computers.peripherals.monitor,computers.peripherals.mouse"
b1bce8e5-efc6-4234-ac4e-0794b4f29897,"electronics.audio.headphone,electronics.smartphone"
b26c5723-4134-4701-b90a-c103b554f2f2,"appliances.kitchen.washer,electronics.smartphone"
b2cc0819-67ed-4922-811f-3aa91a1c5463,"furniture.kitchen.table,Unknown"
b4389af8-9107-4021-9981-773c81436d7d,"electronics.smartphone,electronics.tablet"
b59e7e74-dbdd-4715-9e42-3526eb5c3b1f,"appliances.environment.vacuum,electronics.smartphone"
b61fc898-0677-45ed-89f4-6b4fb1f77edc,"electronics.smartphone,Unknown"
b67f08ad-da37-4223-a1cb-05056a5bd836,"appliances.environment.air_conditioner,electronics.video.tv"
b715ba5d-cd03-463e-ba60-46327cb56bb2,"appliances.kitchen.refrigerators,Unknown"
b758c81b-4c02-472e-878a-f417d7fad1eb,"electronics.smartphone,Unknown"
b8213ba2-a477-44d5-b3f0-b40d18f3fa21,"electronics.audio.headphone,electronics.smartphone,Unknown"
b8ba991d-d206-48f8-8dd9-1a78374054ae,"appliances.environment.vacuum,electronics.smartphone"
b90ebbe0-ec24-4497-b481-17158e44dea1,"electronics.smartphone,Unknown"
b92f46d9-e81f-4bb8-a19a-2fae60098d51,"furniture.bedroom.bed,Unknown"
b9d14440-4674-49af-905b-626fdfb9f634,"appliances.kitchen.meat_grinder,electronics.smartphone"
ba321633-b740-4fdf-8701-9ad5eea068de,"electronics.audio.headphone,electronics.smartphone"
baf66b41-ee0c-4751-814f-59be4d044d3a,"computers.notebook,electronics.audio.headphone"
bb36b08d-f80a-412f-89c3-11761040d400,"electronics.smartphone,Unknown"
bc547f6f-1124-4eaf-b4d8-2a0082e1262f,"electronics.clocks,Unknown"
be623843-ad69-40a7-95e8-7459648ac02b,"electronics.audio.headphone,electronics.smartphone"
bec0bc38-d590-4df7-aa4a-5d919efcaae9,"electronics.smartphone,electronics.video.tv"
bf1f6312-9afe-472c-b760-73e14db5f448,"electronics.smartphone,Unknown"
c10341c1-a84f-4302-9f5e-1dae365d3ce0,"appliances.kitchen.refrigerators,electronics.video.tv,Unknown"
c1862d0e-6d5b-4136-8c22-88128ce87650,"furniture.bedroom.bed,Unknown"
c1dbae04-47c6-40bf-9022-12b1fe4b9c31,"electronics.smartphone,Unknown"
c1dd3f1c-e9ae-4ac9-9d43-43f16894454a,"computers.ebooks,Unknown"
c41fd608-b582-43d4-95a6-aaa0eb1665d3,"electronics.smartphone,Unknown"
c49b7975-7487-42e9-81eb-4b35d8d262a7,"electronics.smartphone,electronics.video.tv"
c657ebd2-831e-4115-9317-b791c17c12ac,"appliances.environment.vacuum,appliances.personal.hair_cutter"
c6c8171c-0a2e-4fff-b9b9-97f3ab0c6c65,"electronics.smartphone,Unknown"
c79aab38-df15-4f78-8cef-5477635d4271,"electronics.smartphone,Unknown"
c8d4047a-e398-4ed7-9f44-9e2680e131fe,"appliances.ironing_board,Unknown"
c8fd41d8-4ddd-42fc-8b79-381352a47585,"appliances.kitchen.washer,electronics.smartphone"
c9c0c42f-6363-4490-91b0-d26385068370,"electronics.smartphone,furniture.bedroom.bed"
ca38c9bc-d678-4f12-b924-1635dd231ed0,"appliances.kitchen.refrigerators,Unknown"
ca9867b7-faea-4541-99e3-9c141c616f02,"apparel.shoes,electronics.clocks,Unknown"
cacd4c00-af79-4f65-910b-9b0715fb8d44,"electronics.clocks,electronics.smartphone"
cb2b5b9b-6ccd-4eed-9078-99f1edaa833b,"electronics.smartphone,Unknown"
cbaced5e-d28b-47bc-9b53-bea7474d65ab,"electronics.smartphone,Unknown"
cc6617be-0f33-442e-b4d6-c53591239fd6,"apparel.shoes.keds,appliances.kitchen.washer"
cd2890a9-d468-4d68-92d1-45df65ed416c,"electronics.smartphone,Unknown"
cd460f20-f3c8-4f7d-bdc3-c1a69a4ed1dd,"electronics.audio.headphone,electronics.smartphone"
cd4c87c9-2710-4503-b542-7169b12ce2e2,"electronics.smartphone,Unknown"
cdd10470-3425-4f3f-9598-d3669186b8f7,"appliances.kitchen.microwave,Unknown"
cdfda93d-b1cc-47db-ac4b-d37fdc02e749,"construction.components.faucet,Unknown"
ce6420fe-323d-42ae-bb0c-f8c37aaf5b9a,"electronics.audio.headphone,Unknown"
cee3f2d7-5780-4c07-84c8-623fa7fc1b35,"computers.components.videocards,computers.peripherals.monitor"
cfafe978-4625-4ecd-bfae-458fbf58475a,"computers.notebook,electronics.smartphone"
cfbf1f6b-e612-4804-a58a-7874b2e48a41,"furniture.bedroom.bed,furniture.living_room.sofa"
d0b5a241-6d28-4ab7-9184-cfd1b030d695,"electronics.audio.headphone,electronics.smartphone"
d0ea9f91-5c28-49a4-bc73-697a1de3e896,"electronics.smartphone,Unknown"
d1748327-96ae-46e3-942c-0f508f3467f1,"electronics.smartphone,Unknown"
d3135fac-d3b9-4bc7-9d3a-5d23d04f0c98,"electronics.smartphone,Unknown"
d3f2c130-620e-4ae3-a9d4-456348005fa7,"appliances.kitchen.refrigerators,computers.notebook,electronics.video.tv"
d499529d-e2bd-4dff-9882-dd2775bd2db6,"construction.components.faucet,Unknown"
d50ad6f5-3631-4691-8fad-27163d8e136c,"auto.accessories.alarm,electronics.smartphone"
d50eb431-e976-483c-aa47-9d7dc18d4374,"electronics.audio.headphone,Unknown"
d58e8e91-7748-4072-b690-8dc8b7bcdd78,"electronics.audio.headphone,electronics.clocks"
d6004200-22de-4cf3-baff-5fb8a07159f8,"electronics.clocks,Unknown"
d66b4e9d-28d6-4c2d-ad50-4880c04037e2,"electronics.smartphone,Unknown"
d67ae772-d174-454e-9be6-2c415ae8f330,"appliances.kitchen.mixer,Unknown"
d6f225fa-6594-4679-ae68-d410622833cd,"electronics.smartphone,Unknown"
d7ba7403-7a04-4c02-a9e3-b38bb569cc06,"appliances.environment.vacuum,appliances.kitchen.oven"
d893604a-c2d3-42bc-abf0-21a237bc55ad,"furniture.bedroom.bed,Unknown"
d8a06a45-2b2a-4b01-945f-39a555c57679,"appliances.kitchen.oven,appliances.kitchen.washer"
d8d5622b-8d86-4a86-a40e-ba5f3a088aa5,"electronics.audio.headphone,electronics.smartphone"
d8ef3b90-8ed3-41b4-ae11-0da4a392467d,"construction.tools.drill,Unknown"
d9bb575b-63d7-40b5-b783-8441af69bac0,"electronics.smartphone,Unknown"
d9f5bf61-5a98-4bb6-88c3-4e4ac09198fc,"computers.notebook,Unknown"
db48acf1-deed-4303-8b27-983f5178757f,"electronics.smartphone,Unknown"
dc11ff76-075d-4cc7-ae86-80e0aefda99a,"electronics.smartphone,electronics.telephone"
ddd6c802-e8bf-4f34-932a-ff63fcac2c2d,"electronics.smartphone,Unknown"
de62f0f6-dcc9-45de-8fd9-3e4407049468,"electronics.smartphone,Unknown"
dfc45990-d8c1-4484-96d1-a5c8e161b0fa,"electronics.clocks,electronics.smartphone"
e023873d-c828-4f62-9bc1-7ac4f002938c,"appliances.kitchen.microwave,electronics.video.tv"
e0bca8cf-c50a-4af8-a10f-ad55944e88a5,"electronics.smartphone,Unknown"
e12af4da-901b-48d8-a11a-2e0a8f076e3f,"electronics.smartphone,electronics.telephone"
e12db5c7-fcb8-4ec0-a6a7-93b4fa293673,"electronics.audio.headphone,electronics.smartphone"
e1d05ca8-663b-44fc-bfc4-871baf7b2659,"auto.accessories.player,Unknown"
e279c324-d15f-413a-a5b3-0403919a3882,"electronics.smartphone,Unknown"
e3a1fc78-c021-4cee-bc81-98c0c1bb445c,"electronics.audio.headphone,electronics.clocks"
e3b22f77-d5dc-4163-ac03-988840ccb074,"electronics.smartphone,Unknown"
e3fdcd7c-05c2-4c4b-9ef9-8842cf451910,"computers.notebook,electronics.audio.music_tools.piano"
e40e7b33-c2cf-495e-975f-d2a2e365e448,"construction.tools.drill,Unknown"
e47aab89-da22-43b8-97b4-a04af84fcbbf,"appliances.environment.vacuum,appliances.iron"
e5298433-4e33-42db-ad97-8fd78d5edaa0,"electronics.smartphone,Unknown"
e543b008-235a-4077-b5c8-1fa5ea37dd1e,"electronics.audio.headphone,electronics.smartphone"
e55b867f-008a-4101-89db-0fd25b3bae08,"electronics.audio.headphone,electronics.smartphone"
e5b7e31e-c895-48eb-841f-7c33eaba3f98,"appliances.iron,appliances.kitchen.kettle,electronics.telephone,electronics.video.tv"
e5e5fd32-78eb-4edb-b476-f3ef305c31e5,"electronics.audio.headphone,electronics.smartphone"
e7aba62e-8ead-413c-a299-725e4d526459,"computers.notebook,Unknown"
e7b63f5d-9124-4044-a126-4986ae442f03,"electronics.video.tv,Unknown"
e7b7faf7-edb1-47bb-9c93-f40f0476e773,"appliances.personal.scales,Unknown"
ea196c5c-1aed-4622-9cee-6a9ba22681f1,"computers.notebook,electronics.smartphone"
eb6ca951-954f-4459-9f27-80ce17d1680f,"appliances.iron,electronics.video.tv,Unknown"
ebc42c96-ef82-405e-9190-780133f57c56,"electronics.smartphone,Unknown"
ec13cb1a-2fc3-4caf-997d-2507673fbfb8,"electronics.smartphone,Unknown"
ec2305f8-a703-45da-974c-1424013022b6,"appliances.kitchen.blender,appliances.kitchen.coffee_machine,electronics.video.tv"
ec970d60-a528-4542-94a0-80ad94766854,"electronics.smartphone,Unknown"
ecc9f789-2218-4021-aa75-7ea9b9492059,"appliances.environment.vacuum,appliances.iron"
eceecf6d-63ed-4e80-817a-7ffcab44812a,"appliances.environment.vacuum,appliances.kitchen.microwave"
ed62885c-4384-44dd-a722-35fa67b7a59f,"appliances.environment.air_conditioner,appliances.environment.water_heater"
ed8490c8-6f1a-40d1-95b2-f3b749e5a622,"appliances.kitchen.dishwasher,Unknown"
ed8a0217-9858-4ca2-8f6f-38078057e27c,"electronics.smartphone,Unknown"
ed908e45-6ecc-4395-8506-72fc8d557a78,"electronics.smartphone,kids.skates"
edc04cb7-6440-4ce2-a654-9f8b79d6142f,"apparel.shoes,appliances.kitchen.washer"
eea84168-9c0c-4a3b-82c1-0b983f6ef349,"electronics.smartphone,Unknown"
ef012375-24d2-4ff5-80b5-243cd769575d,"electronics.clocks,electronics.smartphone"
ef4867dd-b922-4d92-abec-9a75acb2b769,"electronics.video.tv,Unknown"
ef74c97e-d6a9-4477-a1dd-a47ca548166c,"electronics.video.tv,Unknown"
ef9320e0-d4f3-4718-a8f1-ef7597c9ad1b,"electronics.audio.microphone,Unknown"
efd4f660-d6c0-4cfe-a219-f2cf0213249f,"furniture.kitchen.chair,Unknown"
f0586e82-9d40-4b79-ad27-ec31b74bca47,"accessories.bag,computers.peripherals.mouse"
f0678bf9-5c87-4087-a66c-013449f35a20,"computers.desktop,Unknown"
f1225851-9173-40dd-b03c-f28c2452e40f,"construction.tools.drill,construction.tools.welding"
f16eaa6e-01a9-40e9-94a7-69a8efdeb3d8,"appliances.iron,appliances.kitchen.kettle"
f2f01352-4a33-4eaa-b4c7-0d35588fc4ff,"electronics.clocks,electronics.smartphone"
f37415c7-0683-4cae-b614-295c164961c4,"appliances.environment.vacuum,electronics.smartphone"
f38d5c55-9ff3-4acb-8719-739ed4830fc5,"furniture.bedroom.bed,Unknown"
f4297e96-fa2f-4e44-acbb-af9928135f16,"appliances.kitchen.toster,electronics.smartphone"
f430f205-31ed-465a-a708-d91f3a67a81f,"computers.desktop,Unknown"
f4bbeafc-ddbc-4796-a8dc-a9a293072e5f,"apparel.shoes.moccasins,electronics.smartphone"
f4dc8883-4b68-49d8-a54d-75f2767cb122,"appliances.kitchen.refrigerators,Unknown"
f5296a57-cb76-4b91-a070-fe0cc3b782cc,"electronics.smartphone,Unknown"
f53f19ed-757f-4a8a-b525-0ff690a09eda,"electronics.smartphone,Unknown"
f5435a2e-2b6e-4b6f-a600-e551c28bf06d,"apparel.costume,apparel.jumper,apparel.shoes"
f63c4f9c-82a3-42b8-b20f-ef759f496f0d,"computers.notebook,Unknown"
f71eb97f-bf21-45fa-bfdf-927624548211,"electronics.video.tv,Unknown"
f72e5798-0c5a-4a2d-8187-7a8fee8cbb20,"furniture.bedroom.bed,Unknown"
f771a899-af57-44ab-b3b4-5a4975aa8efe,"appliances.kitchen.hob,appliances.kitchen.hood"
f86dbcf4-840e-4d08-851f-e6a7959c7a02,"appliances.kitchen.hood,Unknown"
f94e6357-279f-4322-872b-8b3d0c238d32,"electronics.smartphone,Unknown"
f95a669c-00e8-45b7-9ec2-d6fb8144ba33,"computers.components.power_supply,computers.peripherals.keyboard,Unknown"
f9d44dd5-7479-4883-9c37-ffdea0c3c7bc,"electronics.audio.headphone,electronics.smartphone"
fa18e8d7-22b2-4c42-9cf5-3f541e0c32a5,"appliances.kitchen.washer,electronics.smartphone"
fa3232f2-8342-4b0e-ad74-ffdedc89acf6,"appliances.kitchen.washer,Unknown"
fac76dee-c104-4f04-9452-2fcc737f9a4d,"electronics.smartphone,Unknown"
fba51de0-1984-4970-bf36-95a8a2bd9e37,"auto.accessories.player,Unknown"
fbaf50ef-50b4-44df-bf75-5707cdbe38ed,"electronics.audio.headphone,electronics.smartphone"
fc1f4f0c-d068-4528-8a54-53ff29538404,"appliances.environment.vacuum,appliances.kitchen.washer"
fca854f6-4881-477c-874d-e2681249a92e,"electronics.audio.microphone,electronics.smartphone"
fe0650c3-84b2-4581-80be-6c3d882ec3f2,"electronics.clocks,electronics.smartphone"
fe0ccb5b-4f9e-4d55-8db9-a46a962dce38,"auto.accessories.player,electronics.audio.subwoofer,Unknown"
ff86809a-2366-450f-a6d4-3b070eb7ee1a,"electronics.audio.headphone,electronics.clocks,electronics.smartphone"
ffc1ebf7-b29f-4400-83f7-c8ea7bde4555,"electronics.clocks,electronics.smartphone"
