user_id,user_session,journey
274969076,705a85e5-d17d-4a33-8fbb-d8c3a6518b73,"view,view"
274969076,e5b8bbcc-0184-4510-8d80-6a6120fda838,"view,view,view,view"
275256741,48b5b9c0-3d1b-4380-94f8-dcadb9dd7b5c,"view,view"
295643776,775c16bc-4ba0-48dd-a13e-e387b6e482e6,"view,view"
295643776,792efec7-50ac-461d-af96-061d1e1d12cf,"view,view,view,view,view,view,view,view,view,view,view,view,view,view"
296465302,58ce0c43-94c0-4611-8f2f-8fa970626cf9,"view,view,view,view,view,view,view,view,view,view,view,view,view,view,view,view,view,view,view,view"
296465302,5f20fce9-bc84-4b35-a54e-096b2e5f4bc4,"view,view,view,view,view,view,view,view,view,view,view,view,view,view,view,view,view,view,view,view,view,view,view,view,view,view,view,view,view,view"
319315209,3a322713-41e0-4988-b724-8a49d194870d,"view,view,view"
321019934,8b5da1aa-0407-42c6-b1a5-c9e16b20be65,view
323962106,ba4e19e8-742a-4208-8c7c-8ea1ae8b36dd,"view,view"
333288876,0e066103-6733-44dd-b128-131636d740d4,view
339186405,06367ee1-01e6-4a3b-9bc1-2dd389238586,"view,view,view,view,view,view,view,view"
346207313,12ac42c4-8154-412c-98e5-05bdc1aa7591,"view,view"
346207313,132f529b-0bfb-43e0-a98e-369764bc48d4,view
346791730,145454eb-a222-4d91-8289-c8f1a5964d27,view
346791730,96e91bf1-8b39-4ded-ad26-0e560e779655,view
355987852,3a6bc18b-b0cd-41ca-8008-c1725131d166,"view,view,view,view,view"
355987852,d6271d4a-b37a-452f-b642-ee412283ac96,view
356520186,3e3403b6-2a19-4a1d-aef2-ee4dce0dc943,"view,view,view,view,view,view,view,view,view,view,purchase,purchase"
356520186,ad1e4257-71ec-4638-b31d-9fa4033ae155,view
365369538,98f4d4f2-435c-4093-9e8b-da63b7c27fc5,"view,view,view"
365956141,c16eb1a3-860b-40bc-89c1-abacc0dfe184,view
371874388,d193bf09-6ef7-4ff4-bfdd-0b7daa572e78,view
372804920,4c7be8cf-dd9a-490e-8322-fced01f3ee01,"view,view,view,view"
379481773,36f91c57-4e61-4046-8d18-2d44fc49b9e7,"view,view,view,view,view,view,view,view,view,view,view,view"
379845685,7e88cb7b-0f20-4107-9271-82cfbaad4db6,"view,view,view,view,view,view"
379845685,ba3f8a5f-8d15-493c-b4b7-f349c971d2ed,"view,view,view,view,view,view"
379845685,d90acc4b-34e9-4d5c-b047-3080aeff47d6,"view,view,view"
382652544,41140ab4-51ff-43d7-8aae-3534de5bc23a,view
384989212,27923ca4-99d6-4652-acad-c4fd270ef902,"view,view,view,view,view,view,view,view,cart,cart,view,view,view,view,view,view,view,view"
386908545,15d224c5-5115-4600-b71c-93f1619924fb,"view,view,view,view"
386908545,8561611f-4e13-4bce-8e74-15697b211c58,"view,view,view,view"
386908545,ad076841-44c2-4f5e-b748-a06ce5f70b4c,"view,view,view,view,view,view"
389710914,73f2e65b-fa4c-4f19-a657-93182f29189e,"view,view"
389979783,55e573a5-c8b1-4896-9df7-2c33e32223d1,"view,view,view,view,view,view,view,view,view,view"
394300322,b5eb0da9-e56b-45a9-9dd4-baf136625e8b,"view,view,view,view"
394300322,bb2a0549-0801-42b0-b34d-1801a2841bc0,"view,view,view,view,view,view,view,view,view,view,view,view,view,view,view,view,view,view,view,view,view,view"
394300322,e004b775-44a9-4f5e-851a-6d3bb59e738a,"view,view,view,view,view,view,view,view,view,view,view,view,view,view,view,view,view,view,view,view,view,view,view,view,view,view,view,view,view,view,view,view,view,view,view,view,view,view,view,view,view,view,view,view,view,view,view,view,view,view,view,view,view,view,view,view,view,view,view,view"
396477034,6a5a3298-78cd-40ca-b538-64abfbefac7f,"view,view,view,view,view,view,view,view"
397023870,85566778-28dd-439e-958f-a5c972133c3e,"view,view,purchase,purchase,view,view,view,view"
398074829,1c0a5614-9c6a-4614-868e-34c1629e236f,"view,view"
398843756,9ecaefb1-dec3-4dba-954b-b2dd00d6ae93,view
399312746,1c1de74f-71a0-49e2-af7a-be0cf7201bec,"view,view"
399312746,dd3ce882-800d-4638-b651-56b40a42edc3,"view,view"
399355315,17f37bfd-2031-4583-a774-4f22b481d3e6,"view,view"
400680280,4652bceb-dfe5-413d-bcb1-df0d42afd11d,"view,view"
402813437,324f71f6-0e29-4946-b710-24d603cba414,"view,view,view,view,view,view,view,view"
402813437,9645b226-eff8-44c7-a0c4-b5b744c0aa14,"view,view,view,view"
402813437,c0d145bf-1adc-4cbb-bf59-343800cb531e,"view,view,view,view,view,view,view,view,view,view,view,view"
402813437,fc3b7796-3a9b-4a8e-9c13-73b903e3ef7b,"view,view"
403092960,b06f4acb-dde4-4998-89d3-ad3eed711198,"view,view"
404502801,443e549e-2791-46a1-93e6-14a7e022a5ae,"view,view,view,view,view,view,view,view"
404502801,7691b638-4b0e-4eb6-b1dd-830cea62a502,"view,view"
404502801,ed7ea30b-50d9-4059-805c-8f8cefdeeb3e,"view,view"
404602614,478e9cef-f6ae-48c2-b2ce-9b37850beb2a,"view,view"
405111134,bd70becc-b764-44ae-871a-52903d9ef273,"view,view"
405174399,756457b7-b13c-47bf-9644-4d62d1eba2e4,view
406996724,163eb9bc-c3ff-444a-a8f0-e4643cc24c52,view
407968745,54b21d3e-66ea-427a-a03e-2f935c62a968,"view,view,view,view"
408858428,702c170b-53b5-4f9e-84e7-ee66b69864c8,"view,view,view,view,view,view"
411001381,4d753c39-8176-4ac8-adc5-169a0bce85c3,"view,view"
411273954,1f9502a0-644b-4dfd-8700-9ef4e0420eb4,view
411721682,ca46b778-cd7c-4fa2-a82d-d13dd27057a8,view
412925491,2ef88dce-7dc8-41ca-a9f9-104d1d618372,"view,view,view,view,view,view,view"
413749090,a8bc75d9-0f42-4c63-a358-04fe0fdef8cd,"view,view"
414831676,1781203f-7c04-4763-bf8a-cf3e8beb5b7d,view
414831676,43b8535a-c0f9-4850-859d-7b5eedafc040,view
415485440,5f16dfff-c954-4bf3-8892-c4fa6ebb8a76,"view,view,view,view,view,view,view,view,view,view,view,view"
415820806,91689a89-4a10-4296-990c-6a7b070e6b32,view
416124964,7f3899ce-127d-43fd-a22a-141bf73009b8,"view,view"
416275754,f26b4b0c-4fc6-4c1a-8600-539cbcdee7dc,"view,view"
417754567,d94c40bb-5ab8-42f3-b5d3-c818986df0b3,view
417849142,822a72a6-6a5e-4916-8775-41a2efb34518,"view,view"
418555430,dc5a84b5-8c00-444c-9d29-a4499ebe17b8,"view,view,view,view,view,view,view,view,view,view,view,view,view,view,view,view,view,view,view,view,view,view,view,view,view,view,view,view,view"
419232545,6fd3fc38-c6ef-4d57-a4a8-1c5f5dc107be,"view,view,view,view,view,view,view"
419501062,3bb06e98-dd7e-43e7-9635-902ebb21f5d9,"view,view,view,view,view,view"
419501062,d7709b9e-87b3-46ac-84c7-110d41c404a1,"view,view"
419753436,00af0ba3-ff40-42c2-a23a-dd729c05008f,view
420365670,5df42a40-ec19-4a57-914b-7fcdf6982058,"view,view"
420467005,d1f5f6c3-3133-412c-9058-ac9337858ab3,"view,view,view"
420591736,0b3b1ddc-2eca-4bcb-932a-e2d82545a2a8,"view,view,view"
420822793,fedb0755-893c-4da3-af57-bbce562e56ed,"view,view"
421408466,0456f243-eb28-4b8b-83de-8921644094ca,"view,view,view,view"
421842527,1332a5ef-5671-4c0b-b7b7-51b72a80f6b0,"view,view,view,view,view"
421842527,36816698-d2c0-4aa8-8b0f-613e106f574b,view
421842527,6ee8870e-11cc-4767-9e29-907c3715962a,view
422073359,da70126d-81ec-499f-95d2-4630bddbf9c4,"view,view"
422713919,91b3f117-55b1-4191-a26a-604f3a130dcc,"view,view"
423469725,338ec339-9835-4c74-8435-7b0de8165fb3,"view,view"
423501318,641cb9de-e86b-4810-91b9-56ea71c246b0,"view,view"
423947618,fca27764-a12c-4b0b-ad9b-86e4638a970c,"view,view"
424041278,12e47229-ee6c-4b8d-bf4d-244cc4813055,"view,view,view,view"
424116336,4e36d228-ca5a-4a09-b35d-2e1f0a8c5c78,view
424116336,ffc78d7d-d042-42c9-97d7-e3166dc559cc,view
424214498,ad944b92-a429-47d6-b52e-500261541b81,"view,view,view,view"
424214498,aed6aa30-b223-4749-b1d1-78cfed63c525,"view,view"
424214498,de9d4c37-fd2d-4ec7-b9d4-a4ee1b0846a5,"view,view"
425221525,a4189056-e03d-4442-b716-cfd3353b7889,"view,view,view,view,view,view,view,view,view,view"
425221525,d6ca2a12-2603-4e6a-85c7-943337aacb83,"view,view,view,view"
425235403,d3a6e52d-130e-4eed-b7a7-50a769a2d54c,"view,view,view,view"
426163705,afd39940-768d-4d33-8b5a-03866ca8efc2,"view,view,view,view"
427250991,5807900f-a349-4599-8d4e-cf1461844b94,"view,view"
427526629,11495c0b-28f8-4735-aeeb-0d690ba9e8cd,"view,view"
427526629,36e0bef0-5c2a-4329-aaa4-76480346a5ba,"view,view"
427775548,53b5841d-92f0-4fa9-923a-2b36416a7bc1,"view,view"
427781042,79aebaa3-2695-4146-aa94-3bfec4a6ffdd,"view,view"
428437280,4bc932b4-6723-406b-891b-0ebbaa654417,"view,view"
428437280,e5684ba7-1f29-49e5-91f8-1f6ae466f166,"view,view"
429338654,967fd683-dcac-4f0a-9825-6e8093e5745d,"view,view"
429641931,376faf5b-58d5-46d3-8a23-4b1832b208ce,"view,view,view,view,view,view"
430276841,ef8dfe5b-6cfc-4636-87bd-e355c8d781a2,"view,view"
430374365,30046574-7a6e-496c-aa95-28bc525f5359,"view,view,view,view"
430374365,570c4cd5-71fe-4c87-ab77-a8e40a73a394,view
430374365,86a8bb38-540e-45b0-8cbf-0ccf1625d55d,view
431108086,3e6bb441-f5e7-498a-ae9c-2c6b4f2984bc,"view,view,view,view,view,view,view,view,view,view,view,view"
431128425,8e6b373a-54f4-4f18-ab07-24c183f76246,view
431398074,de38c960-e04d-41ab-8b52-a14b28ebcd18,"view,view"
431861493,66154b79-2eec-41af-8563-7f2bd5e960f7,"view,view,view"
433324031,f353cfd3-dd49-484e-8fd3-78d739538ee1,"view,view,view,view,view,view"
433499531,1cf03f7d-c400-4b38-8ed6-9621609a30b7,view
433499531,36687ac3-56eb-46b1-91fe-ca07fa6936dd,view
433499531,773ee04c-ef91-435c-ba71-029e9db258dd,view
433633007,0d0d4966-47fd-4f10-ac5d-5da4e4bb7b42,view
434045807,b18c2eec-0887-4dc8-b4d5-0b6c6e188a7d,"view,view,view,view,view"
434890838,9e7612c2-309b-4170-921c-12ce7f77b415,"view,view"
434903438,7087ef40-9e45-452b-9748-b17c87700a73,"view,view"
435248210,07a09e7f-217f-40e5-b0ff-ade9021983c3,"view,view,view,view,view,view,view,view,view,view,view,view,view,view"
435375950,ce190be8-c5c3-4646-aa8e-5208ee754874,"view,view"
435937863,edec987b-d24d-4088-9e99-b80b1f5c3815,"view,view,view,view,view,view,view,view,view,view,view,view,view,view,view,view"
435937863,ef5e9365-f598-4660-a943-d9f92a322287,"view,view,view,view,view,view,view,view,view,view,view,view,view,view,view,view,view,view"
436054802,454ce1e5-9a24-462a-9dcf-fa3227e4e769,"view,view,view,view,view,view,view"
436091185,681cc1e5-7b69-4b01-8a50-cf3a29111e26,"view,view"
436091185,ea6ef390-1825-4265-aba8-ea7376e0e2cd,"view,view,view"
436091185,f76890ed-53c2-46c3-a78c-240379412337,"view,view"
436701163,50de79b1-b0ec-42c0-bbe0-8b5d2dc33e1e,"view,view"
436986422,bfd0a69d-e9e2-4eeb-b69a-451ceb8ec7a1,"view,view"
437074105,e20d004b-fcf3-400c-9a9f-6d5a0a1c99a2,"view,view"
437519926,5fa58eaa-f058-4025-9a7f-289185c2076b,"view,view,view,view,view,view,view,view,view,view,view,view"
437519926,ccf50ec7-362a-4e75-b416-5746b234c934,"view,view,view,view,view,view"
438605759,28f900cf-9e72-494f-bfb6-3fb6ff32a51c,"view,view"
438605759,a0808e4c-0f3b-405c-a79b-e28ee43497f4,"view,view,view,view,view,view,view,view,view,view,view,view,view,view"
438809199,200b3c00-dbc9-4977-ac8b-7edd8672c608,view
438809199,964d48f3-6d9f-498b-9d68-cb847385ab6c,"view,view"
439028558,2959d940-be4f-42c5-a477-9f14067567b2,"view,view,view,view"
439160894,198fc43e-118e-4e10-bc1f-8138747c5df2,"view,view,view,view"
439160894,3cfa451c-d323-467e-95ad-9653e1c4035b,"view,view,view,view"
439160894,415b416c-330e-4323-ae8b-846d942a07e1,"view,view"
439160894,64278058-b42e-40ce-ad62-8107697115a5,"view,view"
439160894,66aef962-e3fb-4f3e-8baf-7797218ef252,"view,view"
439160894,881eaf35-1734-4b4e-a5ec-9ec1a066d27b,"view,view"
439160894,8a97c811-9b01-47fa-919e-25a29a19e597,"view,view,view,view"
439160894,b21350ca-d4a4-4942-bbb1-07e93c942333,"view,view,view,view"
439226080,0b2d28e6-d419-42b3-9e7d-a5d9583849ce,view
439247989,66005ed0-8d94-4d19-865e-d722d118a849,"view,view,view,view,view,view,view,view,view,view,view,view,view,view,view,view,view,view"
439247989,c93e642e-b0f3-430c-8f10-ce0bcc5b5904,"view,view,view,view,view,view,view,view,view,view"
439360341,2d2563ad-d97f-46b8-a89a-ead451d6cdbf,"view,view,view,view,view"
439954238,91c60fe4-9aea-4448-ad6d-bf6c4bd7bd5b,"view,view"
439954238,b14fcde9-1bd9-468a-b81a-ef5c1a4366a1,"view,view,view,view,view"
440022707,2db5282c-2930-48f6-9dce-951b246724fc,view
440022707,37d9b13a-c557-45a8-af93-7dbe392c6752,view
440022707,c0ad4645-9d9a-44a9-bdf8-276143b6d5d9,"view,view"
440282726,bc4b8799-257f-4314-8859-d9781a0f782d,"view,view,view,view,view,view,view,view,view,view,view,view"
440309186,4e9f127c-e255-40cf-b601-acc926291611,"view,view"
440494908,4859bd90-49d3-48b9-9b22-117a997bb60a,"view,view,view,view,view,view,view,view,view,view,view,view,view,view,view,view,view,view,view,view"
440901588,52797531-ca96-4387-a98a-a279e65bbe54,"view,view,view,view,view,view"
441250900,f798d603-aa1d-4f66-9526-e224c4049916,"view,view,view,view,view,view,view,view"
441504651,2e7ca40e-7a92-4a84-ac10-1d3028488b14,"view,view"
441619588,9914b37e-f862-4d75-b921-ebf9a6eb6ee1,"view,view,view,view,view"
441726550,d031ff86-ba01-4af2-840e-b735ab3388b0,"view,view,view,view"
442326809,bb1fcf36-da9d-451b-ab7a-477391882f38,view
442486082,42d1193c-c1b3-45e1-85d2-d50d98ed0317,"view,view,view"
442818338,7c673837-57a3-468f-8e4f-ea7f34bf24b6,"view,view"
442832079,0c2f80bf-8ff6-4ae9-aea7-759a7ff139df,"view,view,view,view,view,view"
442832079,e9ca768d-a2b8-4c4d-b1d3-437d455daf53,"view,view"
443126253,94735e42-a0db-4a68-a032-0556faae6771,"view,view,view,view"
443404065,2798685e-b7ec-4bbd-a517-0433b881738b,"view,view,view,view,view,view,view,view"
443404065,c6698cdd-ff16-4b71-bab3-c8ae49f055e6,"view,view,view,view,view,view"
444045778,70d16627-32ed-4a71-b7cb-3c85f61b3cdb,"view,view"
444045778,a066aa22-e682-4309-91a5-b26a909cf19f,"view,view,view,view"
444174589,b05df69a-512d-4f87-a91c-738944dd9a4d,"view,view,view,view,view,view"
444971355,8b5ad03d-254e-48ab-bb2e-65b6d683649f,"view,view,view,view"
444991446,1232162c-1471-40a9-b678-56bd39aece20,"view,view,view,view"
445162060,dd9c099c-c8b8-4c72-b072-69f539048f84,"view,view,view,view,view,view,view,view,view,view,view,view"
445643856,03f3e709-662c-4fbb-9c56-e2e111c28d1d,"view,view"
446436520,8278cfde-f5c0-441b-b375-949c9ebfcd75,view
446661951,a7fd3352-daca-459d-b845-a6be6b608b90,"view,view,view,view"
446661951,be066566-783f-47c2-8bf7-7e547dbb1e05,"view,view"
447256266,ce98025b-08f1-4dee-9916-f2dfce350d33,"view,view"
447269210,66f221c2-2bde-4871-94ba-39cd2aa85b85,view
447304005,b619b1ed-d567-44d2-b459-013eeb9107af,"view,view,view,view,view,view"
448540385,1501fedd-9d29-4392-9134-fb37e12b249e,"view,view,view,view,view,view,view,view,view,view,view,view,view,view,view,view,view,view,view,view,view,view,view,view"
448559670,67d10716-fd15-4383-be25-5f6c3c81f606,"view,view,view,view,view,view,view,view"
448921005,68e0f5a6-e074-46a1-a796-eb0e5a14a25c,view
449066591,c07d6603-3725-484d-9aed-79e43e88078d,view
449289626,e81b71e0-93d7-48db-8522-1bc84269aeb9,"view,view"
449291747,0cea325e-8811-4709-bc63-afa8ce6a7ef5,"view,view"
449704476,15f5ec17-7b34-4a1b-a395-5242bd8deec0,"view,view,view,view"
450284033,6be7d808-ddcb-40ec-9b95-98e92c1ed9fb,"view,view"
450422338,4b84bf82-e078-45d5-8a00-f2c2176bebd3,view
450422338,85e8bc8a-2c57-4bcd-a6f9-b77760aaf86f,view
450422338,aa957413-1a9b-473e-bad4-0ff93fa24d53,"view,view,view"
450491011,7686534f-a2a0-40b5-8750-24423996c0d3,"view,view"
450491011,895c1b33-af24-4008-92a5-6ba78e59c0c4,"view,view"
450491011,afd740f6-df6b-478a-8f71-d630e8e484f9,"view,view"
450642903,cb36ee6a-3287-43b0-871d-20de0b7791c0,"view,view,view"
450671663,10e1c983-627a-42c2-93ed-f3dceca13050,"view,view"
450820761,fa299a2d-1e95-4bab-82b7-c24e2d40719d,view
450892083,288c2884-8b1a-4aa9-97ad-01ae2bec4091,"view,view,view,view"
450892083,abaff1fc-28d5-416c-a369-c045f9867ef4,"view,view"
450974124,b90b9de6-231d-4bd7-8254-3e1b893cf866,view
451606880,168b5842-0490-4c2e-bead-8b2943be8bb8,"view,view"
451883436,68524876-a5b7-4065-8594-c42e492de5a7,"view,view"
452204240,d48ce220-5d81-4614-b9e6-bad071a46c22,"view,view"
452511993,f5359edc-c640-4e83-af03-588967121847,"view,view"
452674871,a2326eb2-887b-4d5b-89d1-831a6e13b755,"view,view"
452818237,db42cf93-edc1-4cbd-9504-931ece028eee,"view,view"
452980139,b62a9935-8320-43c5-985c-e3da76e77f47,"view,view,view,view"
453017933,b21dd8a0-04d3-4137-b7e4-7cc6ea23cf97,"view,view,view,view,view,view,view,view,view,view,view,view"
453187668,557b4bb8-03c6-47e3-ba92-e2c0f0efa0a6,"view,view"
453194421,70540398-d5bc-4a54-9694-79c2be19279f,"view,view"
453632567,409a3dd9-5246-4755-8176-ac33c25339f2,"view,view"
453632567,44b581d5-e77c-4b8e-a5da-aea3285ded94,"view,view"
453632567,fbc64f1d-2779-464c-997b-8b068d7a5dd3,"view,view,view,view,view,view,view,view,view,view"
453881614,15239264-705c-4183-987b-0e1d3e476ee6,"view,view"
454010850,f9d8f808-0a88-4de2-abb8-558dfb80dc00,"view,view"
454359550,fa5b852c-b21b-4447-9a34-a7b3b64b91f0,"view,view"
454555218,2280d52e-cd1b-a068-6043-6e1c943aa6f6,view
454621403,5f2f9677-05aa-45f0-9aa9-9a6dc823344f,"view,view,view,view"
454723116,591002bd-05a4-4659-b6de-2fb6010fc0bc,view
455120657,5d6e846f-3014-486a-bc15-9f7a35cae211,"view,view,view,view,view,view,view,view,view,view,view"
455614775,2f1b0ac1-f84a-4611-b9e9-27cd050b17f9,"view,view,view,view"
455614775,96da0fd5-6028-40cc-a6f4-2de058bc5788,"view,view,view,view,view,view"
455760356,8e95a50f-5c16-417c-ae0e-9fc87a63b74e,"view,view,purchase,view"
455843013,6ac17b4f-ff53-4272-8954-04b8d3e8c4d6,"view,view"
455843013,8dfd98e5-03f6-46aa-8b85-8d88acdfdebf,"view,view"
455972996,9df05561-6171-4527-9920-61794cd53048,view
455972996,e95e127a-2f85-4f86-bea7-670e5fd60218,"view,view,view"
455978640,de1398e3-ce60-4ce8-aa48-337d40fac149,view
456288701,a2aa3517-342a-4e26-a9da-5b0f710672f9,"view,view"
456513838,7cc9a07c-c59f-4cef-9b3d-6fcc395956a4,"view,view,view,view"
456553484,0f263fab-cc2c-4f68-994e-88792195d57c,"view,view"
456794370,4981b196-6851-4bc1-95b3-a63f643fcad6,"view,view"
456873395,53f24285-ca8e-4f72-91a8-77473d5cfc03,"view,view,view,view,view"
456906252,e99062fe-72bc-4019-9c3b-9095a7f27126,"view,view,view,view"
457190117,efe71a28-019d-4c9d-9772-8cb75378c448,"view,view,view"
457251284,7f1a05b7-6239-4053-8d00-dbd973d9183e,"view,view,view,view,view,view,view,view,view,view,view,view,view,view"
457251284,c03ac54f-3592-4c02-acf4-24a42c0b80d9,"view,view,view,view,view,view"
457349820,9224ef71-6b5c-49d9-9160-26f86e443057,"view,view,view,view,view,view,view,view,view,view"
457349820,d7335306-2b17-42c6-80cf-792fc16b1dbb,"view,view"
457369679,c97c0fa4-1bc6-40bd-8ca2-450a9476a571,"view,view,view,view"
457522691,58570d3d-8a02-4e79-8d05-cef26aadcb32,"view,view"
457772718,35447ed9-09a3-4a50-aec3-129586458785,"view,view,view,view,view,view,view,view,view,view,view,view,view,view,view,view"
457772718,6c25e79b-a3dd-4ecd-8928-73774f17c79f,"view,view,view,view,view,view"
458199353,d2b43948-3c3c-4567-a76e-a3657942e5e1,"view,view"
458224700,9a5f47fc-6009-496b-9734-77953aa4a3f2,"view,view"
458234093,43be57b2-008f-4243-8dea-7f9a0cfde2f1,"view,view"
458281165,47bbb42b-516f-4cda-8a86-a3640112fe0e,view
458402113,990d8002-74d3-43b8-af11-fa8cd092a8ad,view
458566237,efeaa652-26bb-4a5e-8171-e81aa63b8439,"view,view"
458813248,2fe78c96-b87c-4f07-8b41-b8dcbf281548,"view,view,view"
458813248,56b28328-8d3f-4c90-a173-96b37e6c0044,"view,view,view"
458847702,ae22d6ab-7447-4fcd-9196-79d674ea13aa,"view,view,view,view"
458929187,0514dbf7-6a35-437a-8ac4-6a10db7efb3e,"view,view"
458929187,d189768b-19b6-4001-b2d3-7164777c4a74,"view,view,view,view,view,view,view,view,view,view,view,view,view,view,view,view,view,view,view,view"
458976507,09b545a7-9c09-4099-a1a7-006b5e078564,"view,view"
459303993,79e6a41e-4860-4559-9507-ae79c6571566,"view,view,view,view"
459486870,0d3993e0-e54f-469b-81ba-a46530c48a05,"view,view,view,view,view,view,view,view,view,view"
459638123,2f253918-4079-4513-904d-964299c75df9,view
460100083,1564ad45-f30a-400d-b578-7f3de6029835,"view,view"
460177522,ae72bf6a-d73c-48c8-87bb-b644165826d5,"view,view,view,view"
460201262,8d08a16f-1968-4018-9a70-f95be0731e4f,"view,view"
460201262,de934a1a-3394-42cd-bf3d-0056860c7f68,"view,view,view,view"
460201262,f29e97e1-c55d-4124-83e3-cf1529b974aa,view
460216566,e82fd6e9-f28f-4633-8c71-95ec0a641683,"view,view,view,view,view,view,view,view,view,view,view,view"
460245131,74469052-ad88-4c69-9994-6f1925ba5dc0,"view,view,view,view,view,view,view,view,view,view"
460744795,10482418-e2f7-4528-b7cd-5aee6abdc5c6,"view,view"
461075644,73a196cf-db99-4be6-827b-e89ff1b64f18,view
461075644,7a7ec847-94a3-4c11-8e66-a4e188af9b04,view
461540786,26519360-f443-4979-9831-593de36e2f88,"view,view,view,view,view,view"
461753379,0acebf55-fefd-4f07-83b5-69b7cb274682,"view,view,view,view,view,view,view,view,view,view,view,view,view,view,view,view"
461956439,4295c575-5039-4aab-9972-84ede476849c,"view,view"
462137346,721f76c4-aac0-4707-828c-55dbae3939ec,view
462467139,4f4bc744-95b5-40cc-8f8b-8f576f956ef7,"view,view,view,view"
462915136,0002ee8b-1f40-4fc5-a325-2515b085dd81,view
462915136,4e77d707-9920-4e1e-ba53-a0346584d6a4,"view,view"
463020196,445277a9-3ef9-4144-acff-cbca721f15d4,"view,view,view"
463307420,008e7c39-f982-4ffc-837b-36ea6132c66f,"view,view,view,view,view,view,view,view,view,view,view,view"
463501130,99c66473-162a-440e-94dc-2d448b6df41e,"view,view"
463501130,f7eafbf8-3dd9-476f-9fcf-b1ea1ee8c5c4,"view,view"
463564350,ff0cc013-fee7-46b7-99a5-5669d70f37d0,"view,view,view,view"
463566132,677a97d5-77d7-41b2-b609-0b955eb9b342,"view,view"
463750592,284825ec-7903-4e47-b2d4-3165ca795ad7,view
463762398,a34d29a8-7ed7-4ff7-8f3b-5d56290aaa8e,"view,view,view,view,view,view,view"
463800836,92cc6d3d-249e-4b97-972d-7aadc14a812f,"view,view,view,view"
464233707,46349b14-5c14-42ac-851a-448bfa6ca3a2,"view,view,view,view,view,view,view,view,view,view,view,view,view,view,view,view,view,view,view,view,view,view,view,view"
464233707,62346d38-110c-4130-8db7-19a3ebac63d4,"view,view,view,view,view,view,view,view,view,view,view,view,view,view,view,view,view,view"
464233707,ff285ef6-8211-4722-ba45-d36cbdc2b821,"view,view,view,view"
464453237,8554581f-5335-475e-a3e8-f766f58ce628,"view,view"
464708866,9f54a0b3-69ae-430f-a2d3-ae82251de67b,"view,view,view,view,view,view,view,view,view,view,view,view,view,view"
464783634,dcfce8f9-2114-4344-8c64-bd7d18da42d2,"view,view"
464807958,e1802f51-a519-4aa9-bf09-3aed2256ba58,"view,view"
465782643,26cbd15f-f988-4b14-89ea-6d2ec0145432,"view,view,cart,cart,cart,cart"
465862242,1b8b1f12-7e25-4d5b-b4bb-0a59f6502a7a,view
466247555,29d0b480-77f2-40f5-a6e4-f996d6d747a6,view
466377954,c2b627db-5552-4464-8b0e-693eb85717ed,view
466415092,682c1cf0-4439-41bd-a56a-24984f366c26,view
466444373,b3dd1916-a7a5-46cf-b785-b5bd7826eeaa,view
466648827,0a35697d-086c-42ff-9a40-3ea6fa7dbd25,"view,view"
466763139,33e79622-2c1b-43a2-a347-9c104bb7807b,"view,view,view,view"
466844504,febe9ae9-47ed-4d7a-aaf7-89655c90fb08,"view,view,view,view,view,view,view,view,view,view,view,view,view,view,view,view,view,view,view,view,view,view,view,view,view,view,view,view"
466934850,244a7d1b-eb12-4900-82cc-807a362e619e,"view,view"
466938491,7043a2ea-515d-47e8-b0ca-e9cef6ff091d,"view,view,view,view"
467040694,0790a8ad-aa56-4910-b923-b277ab49e834,view
467044551,fee41720-d6a3-4600-a208-a1debf8ca134,"view,view,view,view"
467217750,248b22cb-6e8f-4ce2-b180-203af4102b20,"view,view"
467494796,ce14a9e2-2c72-4011-b1b5-c1ebe7b11cf0,"view,view,view,view"
467630290,8ac4db80-8cbf-4820-9ee2-14980e373db1,"view,view,view,view"
468079575,4f5d1560-c4e4-40ad-9eca-2d6b3fa6444b,"view,view,view"
468170767,9ab73141-8095-4a5d-937d-54e44e67f9a9,"view,view"
468674648,c31c6d99-8afd-4b6a-84c5-6b0dc5a63309,view
468687742,31207fe1-ff1e-4d57-b9ed-2498c90b6c2f,"view,view"
468801786,9f443890-7290-445f-98e7-e1fd49b75f94,view
468847239,9a6b2656-49ea-4c6e-b193-4e12f7f0fd45,view
468888711,1196ee3b-ae3b-4f45-bfce-fc3134a44cfa,"view,view,view,view,view,view"
469008829,4c40e886-6a6d-4bbd-9ce5-21a97f1ef6ae,"view,view,view,view,view,view,view,view,view,view,view,view,view,view,view,view"
469220884,37fde814-2ea0-48fc-bb85-80362d7fccd3,"view,view,view"
469220884,c936e358-778c-40e1-aefd-e9e40f631eed,"view,view,view,view,view,view,view,view"
469674124,b989b29e-38b2-434e-ab18-2ffca36a5560,"view,view"
469938345,3d92b458-d6b4-48dd-82e0-1f3f54366d0c,"view,view"
470222828,3b9fbe62-d162-4c7c-8481-bb5085ed8bde,view
470343261,3729ebcd-7fb3-41ca-b026-adbcff0ed0e7,"view,view"
470343261,69e9c071-f697-4f14-8f9f-53872254184e,"view,view,view,view,view,view,view,view,view,view"
470343261,fbd19f66-71ed-4eb4-83a2-71af58eb7561,"view,view,view,view"
470414763,c32fb851-4d5a-49ff-83dd-6f60a37473fa,"view,view,view,view"
470525468,e3291e2f-cff7-4fa0-a366-17f7c912aae4,view
470646138,a5e262ea-7b14-4e57-9786-8794afd2462f,"view,view,view,view,view,view,view,view"
470646138,cc7ed474-1e77-439f-baab-25bfebb35fc5,"view,view"
470672309,218c78a4-b6c8-403b-86d9-e65526602ff9,"view,view,view,view,view,view,view,view,view,view"
470692312,95e98132-f4f9-4179-b0de-f0bbe0df27a4,"view,view"
470692312,b8b0f390-3bb2-41cf-8a4d-6c10615235c3,"view,view"
470692312,de3cefdf-6477-47a1-b0be-46ab1fde2233,"view,view"
470692312,ed11fb16-f2db-46d7-8415-d057a760da87,"view,view"
470911642,886f96c9-b05e-4901-900f-eae78a840fcd,"view,view,view,view,view,view,view,view,view,view,view,view,view,view,view,view,view,view,view,view,view,view,view,view,view,view,view,view,view,view,view,view"
470911642,a86ae637-7b03-4efe-b31e-eeff97acf891,"view,view,view,view,view,view,view,view,view,view,view,view,view,view,view,view,view,view,view,view"
470911642,dde52c32-75a9-4227-a201-d88f3f52c160,view
471297371,2cfd8f8a-e47a-447b-b798-68f50ffec7a5,"view,view"
471297371,63ce85c8-df09-4a1e-b692-1f33aedb700e,"view,view"
471478082,fa8cb89a-dfb5-4002-9ffc-82d053a1e768,"view,view"
471537267,6ad55feb-3759-4c5a-a276-b9f777ba1dbd,"view,view"
471537267,7dc6eaa4-730e-4bbd-b731-7006cd6a30d6,"view,view,view,view,view,view,view,view,view,view,view,view,view,view,view,view,view,view,view,view"
471537267,f089f0b5-f236-43f5-bc08-e58ee153c624,"view,view"
471746053,f5daf70c-9f2e-4ede-8e15-f64bad0120a7,"view,view,view,view,view,view"
471764704,079bf1aa-9ad8-4bb6-bc49-510f745c6da6,view
471845761,09ca0241-b512-4c9f-82bf-f8482cad255b,"view,view,view,view"
471845761,911af2f1-a395-4e8c-a278-3da3af17606b,"view,view"
471934647,0ce8184b-e16c-4ab7-ba3d-6d07dc99b3dc,"view,view"
471934647,61071310-d46d-4580-8ee1-81196eb48c7c,"view,view,view,view,view,view,view,view,view"
472212298,ea4c3d07-0e8d-4fc8-bb93-9d2b261f126a,view
472435714,d59b1e3c-3f8b-4450-b0a5-8bc0259b72e4,"view,view"
472734035,26c4c410-703f-44d0-8599-80b12c49e260,"view,view"
472734035,aea90250-8f29-4412-8fc6-e4567ea7b2eb,"view,view,view,view"
472923174,07d23c85-15d4-4a37-b322-001c187361a1,"view,view,view,view,view,view,view,view,view,view,view,view,view"
472923174,8f88dc00-85e3-4a50-8a68-23bb0fdaccfa,"view,view,view,view,view,view,view,view,view,view,view,view,view,view,view,view,view,view,view,view,view,view,view,view,view,view,view,view,view,view,view,view,view,view,view,view,view,view,view,view,view,view,view,view,view,view,view,view,view,view,view,view,view,view,view,view,view,view,view,view,view,view,view,view,view,view,view,view,view,view"
472923174,afef090b-6aed-4c1d-87ee-1a96d9d778c5,"view,view,view"
472965705,027cb2c0-bfbd-4362-ada4-5cf136ec9335,view
473040753,f78db9fe-39cc-4875-a3cd-97070bace181,view
473058411,4c5107a3-06ee-4990-a23a-72271d9adfa7,"view,view,view,view,view,view"
473087517,6fd90933-9735-419e-825d-b8c1b506243d,"view,view"
473107781,754505f9-35fb-4e39-afa0-5b24e8c28e32,"view,view"
473213946,c82896c4-219c-47b3-af65-e7f3735a48e9,"view,view"
473399688,4d9dce4b-76f3-4864-a89d-c133057fa4d4,"view,view,view,view"
473399688,8f50e997-b24a-47bf-8b8f-b2b0f122becf,"view,view,view,view"
473496277,08dd0784-c169-4163-9640-ca580460d2b7,"view,view,view,view"
473496277,497fbd1b-4e22-41c5-868f-65bda6468b94,"view,view"
473496277,6e05f624-8245-4011-bb95-8ece434d6334,"view,view,view,view,view,view,view,view"
473496277,94bfaf4e-53a6-407c-85d6-5cc83f67d5a8,"view,view"
473496277,d157a32d-f936-4576-af4e-ba856bd6e4b4,"view,view,view,view,view,view,view,view"
473758618,4efcaa2d-37cd-424e-8067-9ef2f39c8141,"view,view,view,view"
473758618,e6ee042a-adb3-4348-af77-06284d1df1c0,"view,view"
473901883,295e7aad-3cfe-4fb8-926a-606e665b5101,"view,view,view,view,view,view,view,view,view,view,view,view,view,view,view,view,view,view,view,view,view,view,view,view,view,view,view,view,view,view,view,view,view,view,view,view,view,view"
473998372,9cedeae1-486f-4697-9f48-fe35ec14835f,"view,view"
474125662,c1808f7b-ac9e-4279-88c7-2bd945c301c5,"view,view,view,view,view,view,view,view,view,view,view,view,view,view,view,view,view,view,view,view,view,view,view,view,view,view,view,view,view,view,view,view,view,view,view,view,view,view,view,view,view,view,view,view,view,view,view,view,view,view,view,view,view,view"
474141019,35ff806e-8db4-423e-b1bd-153d19abe3eb,"view,view"
474141019,7d4df56d-b1dc-4c25-9313-9511ccab366d,"view,view"
474390083,e1bd08aa-a5b5-4df9-bb2a-0067a9439f3a,"view,view,view,view,view,view,view,view,view,view,view"
474553032,3988dff3-0d13-84a2-e8ab-2adba0e2f66f,view
474773869,febb6e1a-cb50-4286-89cd-d1b2cfc4713b,"view,view"
474835081,46cb5205-b965-4244-a2a4-9c7cd6026358,"view,view,view,view,view,view,view,view,view,view,view,view,view,view,view,view,view,view"
474843469,b2fa57ad-667f-4938-aa35-7296453934a2,"view,view,view,view,view,view,view,view,view,view,view,view,view,view,view,view"
474975673,0605c081-6b4d-462d-942d-9ea4fb39c647,"view,view"
475186855,a6703753-212c-456f-a8d1-fe2d7fba9c16,"view,view,view,view"
475290663,9f0c5666-0e2d-46a1-84e4-904c98ba31e0,"view,view"
475469307,7c5a6a4f-0663-44ad-8546-bb999fbef079,"view,view"
475525790,06898d40-00b2-4e2d-8920-9826a2d09016,"view,view,view,view,view,view,view,view,view,view,view,view,view,view"
475525790,33030873-096f-4740-85b5-22de36e65a61,"view,view,view,view,view,view,view,view,view,view,view,view"
475525790,9442ee18-bd14-4def-9bdf-2354faea197f,"view,view,view,view,view,view,view,view,view,view,view,view,view,view"
475650895,d71c55e4-f97e-470c-b318-c206a71d06f3,"view,view"
475650895,da58ce19-7c5e-49f9-b6db-4b56acae2e22,"view,view,view,view"
475823476,70cc2664-e58b-40e5-856f-7fd80a992f43,"view,view,view,view,view,view,view,view,view,view,view,view,view,view,view"
475867088,47a472a5-a57f-45f9-a0bc-0861bdfd874f,"view,view"
476134871,f265860e-969b-4a2f-a81c-76c07d856fff,view
476302411,0da3e0e4-23f4-454a-b70a-0d75b6835b29,"view,view,view,view"
476302411,196c67c1-4bd1-4ca6-a5bc-012c4d5245e0,view
476302411,6cb4f733-08c3-45a2-b3b9-a220c1663c5d,view
476336121,af1c488b-9037-4070-b523-9b52cb5056e5,"view,view"
476361866,fc4cc9e1-e0b3-4fd4-a54d-5c808ce5e87a,"view,view,view"
476426525,93dde991-08e5-4365-a873-c511ed179dc2,"view,view"
476473528,f696898b-c540-4e1f-b491-bb8c18a77b4d,"view,view,view,view"
477198897,26f5bb92-ba3b-496b-82f5-401fcfa3dad8,"view,view"
477244491,36019753-6c65-444c-b558-06c84beeec95,view
477283811,9b7c6de6-5356-4568-abc8-68e8455ce44b,"view,view,cart,view"
477403071,0402dcd6-f000-4989-95d4-4028106bc180,"view,view,view,view,view,view,view,view,view,view,view,view,view,view"
477443581,dee94c3d-a70c-45d5-83e4-5d02a624a900,"view,view"
477600570,14850f0c-7614-45c3-a00f-2aa1a94a6d3e,view
477689433,0190ee55-956d-4b8a-b201-456ae03ec806,"view,view"
477711859,c9f19d21-aaac-440c-8019-75e67a94d81d,"view,view,view,view,view,view"
477726324,18c5ff2f-299a-418e-865d-596f5e291f90,"view,view"
477757702,2a63f8ec-1800-490e-aa8a-0e7877a21829,"view,view,view,view"
477891909,43077a8a-40a5-4af3-81fd-95aad67029d5,"view,view,view,view"
477974596,bd4f7d2e-fd62-48d0-97a7-a57b3a432ba7,view
477986812,37a14f46-704f-4ef4-b865-0ba4e076ee80,"view,view,view"
477993788,eff93649-108c-453b-b002-91452beac9d9,view
478208106,8b620e17-1a72-4909-82ba-524031d9f4b2,"view,view,view,view"
478212506,66c7c8c0-20e2-4f2e-b654-4ea405a58dc5,"view,view"
478212506,fc419ca5-3feb-4d9e-9a90-2829d40ab8ad,"view,view,view,view"
478393783,7d2a9c60-0d33-4f92-99e9-43ea628501c0,view
478393783,9148dddf-cc5a-46c1-979c-38da11eeafdb,"view,view,view,view,view"
478557137,5255a177-5427-46fb-9546-6ade966d3033,"view,view,view,view,view,view"
478646381,77c65861-0baf-4589-a211-736da6efcf27,"view,view"
478774768,d277610a-331b-4764-9f26-377b33b43d00,"view,view,view,view,view,view,view,view,view,view,view,view,view,view,view,view,view,view,view,view,view,view,view,view"
479112595,e9449000-f2c9-490d-b102-e2ba2e7e02e9,"view,view,view"
479184023,68b91feb-fab8-4fb2-be5b-a786978bf11f,"view,view"
479188930,bb612657-c105-4129-8934-d671aa92aaae,"view,view,view"
479233261,caf452ec-ef21-4b0e-830c-47874513f739,"view,view,view,view,view,view"
479292984,252964e5-73f4-4d6c-b983-a736db7a29f2,"view,view,view,view"
479561610,77c6e194-13ca-43cc-b673-bf6089de4610,"view,view"
479681512,203ff622-27f8-4f45-9b83-4c872cc59a47,view
479921619,45aff8f5-b92b-45e4-a848-e256005e61e1,"view,view,view"
479962656,51e014e9-8268-4915-962e-60ae873e4918,view
480034365,d8892edc-a5d1-4e2e-aec8-6d9350877e37,"view,view,view,view,view,view,view,view,view,view,view,view,view,view,view,view,view,view"
480049700,6acc9ac6-3999-4f79-a718-b6281ec647cf,"view,view,view,view"
480049700,af927ded-10df-48aa-a69d-d1148fbf9a41,"view,view,view,view,view,view,view,view"
480112030,d8d4e7d6-aa16-40e9-98e4-fa243d2d39b5,"view,view,view,view"
480145933,698d3dc5-635a-4027-acac-8f9cac69e5a6,"view,view"
480150812,0b902c3b-e01a-42ad-b1b2-fedbb2c3f9d0,"view,view,view,view,view,view,view,view"
480292917,12cfd13d-fc78-4ca4-866f-24510eff1fab,view
480315463,95a8b991-9cd3-fa55-626f-252198c39901,"view,view"
480329053,1ad6426d-13a6-40f3-a4f0-09c2a735b094,"view,view"
480329053,5a517fb6-74c2-40d7-bd3e-634210d04b56,view
480329053,dfa9287b-f11b-4bc3-bf32-96f49fdf5a35,"view,view"
480406433,0fdb41d4-3348-4205-94b8-efa4de2effce,"view,view"
480433559,f47d4556-1ac7-4553-b7f3-9f6197efe1c8,"view,view,view,view"
480437177,30e1754e-eda1-413e-9b80-e6acf79f1b58,"view,view"
480443912,a3167d67-373c-4750-8f56-ea77c96a1202,view
480541691,557e22be-2352-424c-b620-9414223c0f2f,"view,view"
480555631,4abffb7f-7521-4d07-8556-c82bd1a1ed02,view
480631967,2ef730c7-486c-4f35-ae5a-b900818e54e8,view
480631967,43897c77-278f-407e-8446-e367f5125884,"view,view,view,view,view,view,view"
480631967,8e6f07d5-45d5-44ac-8f3d-feb3124cf61f,view
480631967,ec936cc7-67a3-427e-ab6c-95f948f9e144,view
480650585,1cc7ba4d-2348-47c0-ba28-84081eff1735,"view,view"
480650585,ecd9b638-7208-4328-9b1c-ce3940111dc5,"view,view"
480658842,bcf6e84f-0a59-4e0a-9956-c9eb665c1e11,view
480684420,13a087ab-a068-4d73-a96a-7dfe7a727923,"view,view,view,view"
480684420,509cb57f-b5a3-4d3b-baf8-0119ccd3336c,"view,view,view,view,view,view,view,view"
480684420,dd4287f0-074b-4978-9f84-46987289f72e,"view,view,view,view"
480719163,700dc603-0b21-4272-a097-bb6202a2eda7,"view,view"
480719163,a6095190-b914-4b3f-a36e-7975a3b2eeda,"view,view,view,view"
480727044,d85e14b5-7031-4c30-a7d3-4646b276aac6,"view,view"
480793438,c1a458c2-a498-4667-a8e7-35f0e703a774,"view,view"
480972139,37cfb6da-18c2-41e6-a4da-38b975881084,"view,view"
480972139,fbf75143-50f1-46a3-a17b-d009f6ed386a,"view,view"
481195573,0d4da81c-fa5d-48ae-b2aa-d39cb562ff9a,"view,view"
481195573,bbacc1b6-a627-4415-b710-f307e7ce04fe,"view,view"
481858753,8fd10d0a-b52c-472d-90f5-56e56194ec8a,"view,view,view,view,view"
481858753,c2782316-26d0-43da-b970-c7f0f9251bcf,"view,view,view,view"
481883705,62489722-c12d-42ac-b32e-2576f0e53d5a,"view,view,view,view,view,view,view,view,view,view"
481891401,a1e0fdb6-da85-4d62-85ec-08a5969979f3,"view,view,view,view,view"
481891401,bfe7b5a2-6ba0-41b5-af72-594b316d6431,view
481922446,7d1253b0-44b6-4b10-9885-c2fe27d6fd0a,"view,view"
482106693,ab4e1a31-23a5-4ee6-ab1c-c357183ad592,"view,view,view,view"
482114459,73e2d28c-fec1-4d80-9a3a-b2ab6c6ff15a,"view,view,view,view,view,view,view,view,view,view,view,view"
482115265,d3f87bcd-759b-4c88-b09e-4c4fa11de53d,view
482127717,5981c0e1-6ffc-4d40-9ef9-7d7c9a13dc2b,"view,view,view,view,view,view"
482204269,43bd1c26-8322-459e-a658-f1ce0a886303,"view,view"
482204269,67367fac-b9c9-441b-a333-8459628f28fe,"view,view,view,view,view,view,view,view"
482204269,8acd36b9-3b6b-48f6-8340-2a6549179d41,"view,view,view,view"
482297649,42975d33-f957-431f-969b-7bf25af614ff,view
482303196,8c484dee-5e5d-412c-b27e-28a75966e45f,view
482380779,af7a5d63-232c-4723-a6e3-aedbd7908763,"view,view,view"
482426305,e5d3ba24-2c33-49f0-9584-310adbfd6721,"view,view"
482426305,eda2c788-8aad-4e5d-9b93-1379bb21b7a0,view
482499154,3940f87a-ff94-4661-809e-4abe9338b1a5,"view,view"
482499154,96402d32-c4fa-4752-98c1-3ac5cea4b40f,"view,view"
482768225,7efd44e7-ecf5-4c72-8ffe-8196c5f1133f,"view,view"
482871459,e6f87826-9121-4b86-9886-fd0bdd1eba6b,"view,view,view,view"
482881447,46d5947b-e943-4fbc-a0c1-b3133efa98cc,"view,view"
482905979,f24b3aae-ed5a-4ca9-b60d-375718703989,"view,view,view,view,view,view,view,view"
482956671,6cb38931-f269-41de-adbd-a77f1d54a47c,"view,view"
482956671,abadec6a-d4f2-453d-8fe2-757dbaf5c6df,"view,view"
482957271,ed9d4e52-1024-4f65-8128-276950ce0d53,"view,view,view,view"
482986153,b24b2541-cd22-4124-a8b3-fb72f011925f,view
483084712,448fcf48-10a9-415d-96e0-a2692b075be8,view
483130999,ccc01bd9-5f6c-40f2-8ec6-17b3ffe18304,"view,view"
483131598,9448e15d-6723-41e2-bf07-acb7d3acaed8,"view,view"
483131598,c21286f0-b7bb-4f55-9fa1-84fc39f6f553,"view,view"
483214692,5fc0a2a9-97cc-41fa-936b-38ca15faa923,"view,view"
483237336,2f8e7222-a800-44bb-83ef-e91e796e3b3a,"view,view"
483237336,bd2149b4-f960-4baf-963c-aa4599d43ec7,"view,view,view,view"
483266208,3a535516-3418-4225-a835-5498c74b9286,"view,view"
483266208,7769bde9-d910-40fc-a3c0-7eb5e9af2965,"view,view"
483294869,5e57a78f-31a2-4384-afd3-4087d1467b20,"view,view"
483298880,13ab1c31-b419-445d-880d-230c80498122,view
483298880,d2c9f5c0-538f-4ad8-8b33-be6077d082ad,view
483609287,3b14c6b8-4e61-452f-993c-39c0825c36e1,"view,view,view,view"
483609287,94647ee7-a574-4bae-a57a-27f4ea86a4df,"view,view,view,view,view,view,view,view"
483609287,a783d227-b9f1-4fb1-b85e-8a72dd193147,view
483609287,ffa59353-fbdf-4144-a73b-42fa104f4b2c,"view,view"
483660761,fed8aec5-9971-447a-80df-f7fad5c11e45,"view,view"
483753452,491b97ea-4fea-4e82-a41d-5fbbc374dadb,"view,view"
483772068,965b607f-6435-4be7-9164-a33092eef7e5,"view,view"
483781356,a2c85884-7a89-489c-9ffc-3278dfbd6a1b,"view,view,view,view,view,view,view,view,view,view"
483781356,cd71d6c6-bc22-4483-8252-8423cd277164,"view,view,view,view"
483823174,7260b72b-da7d-464a-b946-6ef7d03c5ef4,"view,view,view"
483823174,e387ec10-99c5-4ece-aa7d-09b7ec692f9d,"view,view,view,view"
483910563,6d3ca69c-dbfd-421b-a580-90e87cdb27a7,"view,view,view,view,view,view"
483921109,2ef2dfaa-a1ce-49b8-906c-5fef2ef0bf30,"view,view"
484090647,eda6b637-bfd3-430b-bf8d-88bce1b93c77,"view,view"
484198965,fdd34d57-dcd9-4704-939a-49aa517f0f3a,view
484209020,88a00fe1-4eb7-43ac-a03f-c4f582071d89,"view,view,view,view,view,view"
484209020,e1723a01-8e4a-4b10-93cd-eacf3dc788bc,"view,view"
484281654,30823ed4-5072-409f-bc12-4196ebf4b447,"view,view,view,view,view,view"
484359216,2881c3e2-e73b-44fb-a600-472c374f3b81,"view,view"
484375176,e14467fe-ca9b-473a-be97-9c3fa18dde50,view
484670555,d5adbab1-0bb6-42ac-beed-0ec00853786f,"view,view,view,view"
484676042,4d657d0d-23a0-4719-b713-4585226cc9a5,view
484801173,6d585b5f-0909-43d7-8e17-34b394a7e4bb,"view,view,view,view,view,view,view,view,view,view,view,view,view,view,view,view,view,view,view,view,view,view,view,view,view,view,view,view"
484845426,d564fa27-3a16-4f5e-8c20-b24ce16dd343,view
484846972,7beb02f9-62a0-4ebf-96a2-6914dab97197,"view,view,view,view"
484912654,29de4f4e-995d-4784-b116-eb3d4d5051a6,"view,view,view,view,view,view,view,view,view,view,view,view"
484963659,3b8a9fb4-e0b1-43ce-a09f-b6a0d0596b0c,"view,view,view,view"
485509849,9081b91d-7bff-416f-9858-0435320199c1,"view,view,view,view,view,view"
485543018,0e5d88bb-bca1-452c-9cab-c83136989097,"view,view,view,view"
485543018,3ce8bf6f-34ca-4aeb-aa6e-dd150983ded8,"view,view,view,view,view,view,view"
485543018,6631c8ab-6875-425f-9ae4-f5875c54ab04,view
485617696,02c5524e-ddee-49ea-8dfc-ea3da1389c86,"view,view"
485760504,84ab3cc7-62cb-4ee2-ad6b-c8f1a33f2a9b,"view,view"
485970000,4313e5ea-1bcb-4f34-82dc-0e278fab3168,"view,view,view,view,view,view,view,view,view,view,view,view,view,view,view,view,view,view,view,view,view,view,view,view,view,view,view"
485970000,a52977b2-827b-4f00-b464-27853f0ceb61,"view,view,view,view,view,view,view,view"
485970000,bd56fa30-47ee-4ef3-a3d1-57fe9dca9591,"view,view,view,view,view,view,view,view,view,view,view,view,view,view,view,view,view,view,view,view,view,view,view,view,view,view,view,view"
485999764,5edb6d67-7c39-4001-9192-9363753aaa92,"view,view,view,view"
486006983,00ff5d6f-eb0b-4c68-94e3-ab5b653f9fe4,"view,view,view,view,view,view,view,view,view,view,view,view,view,view,view,view,view,view,view,view,view,view,view,view,view,view,view,view,view,view"
486043079,b977075f-805d-4a5c-9832-fa2b9dc84705,"view,view,view,view,view,view,view,view,view,view,view,view,view,view,view,view,view,view"
486064765,480be5b1-dcee-4cc2-8f43-b5a7bab57ffd,view
486139790,7766858c-1ddb-4fa7-9f5a-aa6ee9d9ecc6,"view,view,view,view,view,view,view"
486215409,9a7fcc74-8ca9-41c7-a621-565aa3b0b32d,"view,view"
486221437,332c3e42-6039-46cd-8f8e-7fb4a989c5d7,"view,view"
486221437,6d3b47b9-79cf-48fb-bea4-fbb1009348a6,"view,view,view,view,view,view"
486221437,b03f225c-3737-4912-875c-d1899ae500bf,"view,view"
486221437,e39c7a26-93c0-4bf0-829b-e2f42bcbdf2f,"view,view"
486473873,e1b71ead-9592-434f-9e23-b70b98541163,"view,view"
486477909,73a3d59f-a66d-4d9a-8359-de09b81d0eba,"view,view"
486562311,bec8f62c-06c8-49a4-ba46-e926b4260163,view
486601446,56f3a320-05ec-4c69-9d74-8f87505265f2,view
486675103,fd4055e0-83d9-4cbf-accb-6c05aaf448db,view
486678929,5e9d7441-445e-4ce7-a6ce-7e36a232fca8,view
486755084,367d89d8-4022-4474-a549-fcc39a506d50,"view,view,view,view,view,view"
486999716,2666d6ed-08d8-4a83-b487-2cccbfbf34ff,"view,view,purchase,purchase,view,view,view,view"
487013127,87151988-b6bf-4e18-a44e-743417a8c655,"view,view"
487116320,43364782-6825-4d80-b6e6-00c266b01125,"view,view"
487117180,2fcbe132-7153-4ab2-81b6-9436e2adc82f,view
487127762,c8e43ce2-a531-46da-a142-8e26ecf116d9,view
487127762,f3a13e5c-3c4f-480a-95ec-c1cb32d93fae,"view,view"
487191665,bb6d30d9-82de-470a-9c5c-47013ee17011,"view,view"
487215283,6bdbe138-6617-439e-98e9-451b41fa18a3,"view,view"
487215283,733fe5b8-7908-4840-b062-314aefba6471,"view,view"
487216105,ab4b237d-96ea-4f5d-8897-3fdb75a0ea76,view
487286964,a20b534e-2404-4ade-9a16-d5bf0da031ee,"view,view,view,view"
487417740,79a8e688-048a-4b39-b5e7-025ed138e617,"view,view,view,view,view,view"
487513550,85e734a5-2d10-4bef-8aee-82059094505b,view
487626238,2c7562d7-1e29-4a55-be6f-c896ab217a88,"view,view,view,view,view,view,view,view"
487626238,6c900167-8999-4dc1-b444-b263f3011342,view
487626238,8533737d-c940-401b-8e00-5ff97dff3be2,view
487626238,de954c9c-8e05-465e-85c5-f1a0584ddc3b,"view,view,view,view,view,view,view,view"
487628337,07f990e9-6164-4a49-996f-f7e1ae669a40,"view,view"
487652489,a6fc0eb7-d6a4-40b4-a034-7bfd6038f0ce,"view,view"
487922788,2815b3f1-3e37-4c06-aaa8-93a57d56b7ca,"view,view,view,view,view,view,view,view"
488095427,80c1b583-6a91-4bd4-b452-60b31eab0c5a,"view,view"
488145530,9149a12f-1ff7-4553-9688-4171c5ee0e03,view
488146061,576aa128-bc95-417b-8787-ec0a411b3e8a,"view,view"
488240123,186958f0-c01e-4bec-811c-dceadd7d3ecd,view
488323804,94d7b1b3-d462-4946-b661-e796a699e91b,view
488323804,af173185-b6e6-46d1-ab2f-f57bcffba201,view
488479063,0af3e873-8447-422c-bd14-59773a98d65f,view
488541234,aa2ba995-ebc6-4095-a742-935fd3b63738,view
488565204,ce40930d-f262-4054-8abd-4f0f9dd99d8e,view
488566436,c92d88a8-0329-4341-9f3c-6c93ce3d6a67,"view,view"
488589425,90608a6b-848f-4467-a124-2ae67da822db,"view,view,view,view"
488590205,fdbd4225-d6a8-4605-94ef-3bcac88c9c36,"view,view,view,view,view,view,view,view"
488926926,ff999756-d37c-4004-9182-9e1362bb1da7,"view,view,view,view,view,view,view,view,view,view,view,view"
489062934,5b396331-d83d-42da-b295-3d9b67b00481,"view,view,view,view,view,view,view,view,view,view,view,view,view,view"
489062934,9a08d511-2e30-4492-88d1-5480cfe8a647,"view,view"
489092504,0e24a764-5323-488c-b164-69dfc1ed80a6,view
489092504,26ee45d0-1bdf-4fe2-a778-5675f252cb9a,view
489092504,6889c53f-78f8-4ccc-b5ae-229e83ac28c0,"view,view"
489092504,c35bde1f-438f-4e2e-9661-73316b35b8f1,view
489104373,7524638b-fba6-4dd1-8d40-84025208e148,"view,view"
489249350,0a6a5e3d-5140-4284-9c29-e7bd856f3692,"view,view,view,view"
489249350,a4ab1bb3-cf05-4e92-a647-6f05cc46e8d5,view
489249350,d2fb81e0-eaed-4335-895f-4839d2fc977a,"view,view,view,view"
489290321,f4d1da3f-2bf7-4335-bf01-c1cd2b57775d,"view,view,view,view,view,view"
489527054,365dafb1-530c-4a68-ac51-641ef79d6463,"view,view"
489536056,032ca31d-c92b-478d-8e8f-74ea9a97f373,view
489669898,e0e357b3-faa2-4787-95de-a9797ed045b2,"view,view,view"
489767689,098e1360-3b91-4f3a-82c4-65ca4c1c936a,view
489767689,7d1e2cb2-40ce-45d9-b6c7-b8b13c8feb1f,view
489767689,a4620634-d80a-40c1-8958-57fef70528a4,view
489870574,97ae80db-c300-475c-a67c-e92c5666c2b1,view
489987501,7f11f797-669a-4aa0-80ca-eb806921d534,"view,view,view,view,view,view"
489987501,a1e993e5-eb2d-41ea-a8f1-a444e9a6be9c,"view,view"
490045784,5921315f-4b45-4a71-ab53-b05d834702e9,"view,view,view"
490077785,f1ead514-3c6f-4113-8fa9-0471eb75b5fd,"view,view,view,view,view,view,view,view,view,view,view,view,view,view,view,view,view,view,view,view,view,view,view,view,view,view,view,view,view,view,view,view,view,view,view,view,view,view,view,view,view,view,view,view"
490283079,0c63767b-f67d-4306-a087-378de76745f4,"view,view,view,view,view,view"
490283079,20c76b71-1aa7-4b8e-8653-97161855438d,"view,view"
490313871,fc5ead1e-5384-4fd6-9a52-5d7153642b57,"view,view,view,view,view,view,view,view,view,view"
490354170,daddfb19-e005-4eda-86eb-59fdf66bf097,"view,view"
490420267,5ed64dee-21f8-400a-baff-fc6275368ef4,"view,view"
490429708,b4cda95a-6b86-4c9c-afc8-3829a205ba36,"view,view"
490437974,77aeb8d8-6967-4267-ba31-93fa83185eba,"view,view,view"
490437974,fbe9b84a-01d3-478d-bf4d-5ea8cda7629e,view
490675254,701df4a0-8957-40bd-a996-eecd7d028e6b,"view,view,view,view"
490734003,a21eafa5-ac8b-4518-ab19-62c5c20365f6,"view,view,view,view,view,view,view,view,view,view"
490816761,315f37e4-4abd-43c4-9c08-e88cd377e069,view
490836746,43229d94-cf6b-4317-bc9d-b5ac92b28880,view
490843509,6ae4bd81-7c0e-4050-9ad8-6040dfb7cf47,"view,view,view,view"
490886096,304145b4-7646-401a-871d-1dd868733923,"view,view,view,view"
490886096,dd5bbbfa-447c-4fb0-b0de-2780c1259566,"view,view"
490941270,1777b6d3-75ef-48fa-b92e-1db775f1ee92,view
490941270,9e8ad702-1b3d-4e0a-88e4-7f0c62807404,view
490946858,8e69a654-9097-437a-9d27-7cddfa76eb33,view
490995199,97dec54c-4b5d-4e91-8228-234eb109b155,"view,view,view,view"
491167084,18787308-dd8a-4398-ad6f-5ac2f7452946,view
491167084,19147e13-c3b3-44fd-a720-62d44f86fd54,"view,view"
491167084,3bc67cd9-b56f-4950-8069-d0db2c3c7ab2,view
491283115,37260e94-e7bb-4dea-b0d5-9d3025fc87c4,"view,view,view,view,view,view"
491283115,61ede23a-3776-40a2-9944-f42f8193d2f8,"view,view"
491283115,7a056e74-b2a8-4028-8e14-396a33b7807c,"view,view,view,view,view,view,view,view,view"
491413492,6abbbff1-0b19-4a31-a180-fda93ac90ad5,"view,view"
491469982,840a43d3-02a8-4522-ba79-aff039960693,"view,view"
491648368,ca7c0947-f7b6-4e28-972c-ba6187561ce1,"view,view"
491712431,811a8fb6-3a60-4a39-9ee7-eb560cd13bc3,"view,view"
491782221,8a7a8d5a-3ad2-4472-8745-143fddeb6f7d,"view,view,view,view,view,view,view,view,view,view,view,view"
491827946,7db49b71-4a48-422e-a491-a868ac725221,"view,view"
491827946,dba08b03-36f3-43a0-ba1e-de3430705fc2,"view,view"
491842481,a13a8e36-5e62-4143-9091-475dd583f862,view
491844619,8243efe4-0d3e-4907-8102-53e2d289cdbc,"view,view,view,view,view,view,view,view,view,view,view,view,view,view,view,view,view,view,view,view,view,view,view,view,view,view,view,view,view,view,view,view,view,view"
491844619,f7493d8e-83d9-4a6b-8c64-6bf82e9687a9,"view,view,view,view,view,view,view,view,view"
491851818,a5871729-e546-483b-9735-55af5a9bbbda,"view,view"
491851818,ecefb647-8cdb-48f7-966c-22b2f0a44903,"view,view"
491862439,1a264840-4956-4bf6-a65a-960f6ea078db,view
491862439,62d92acd-7578-443a-b53a-4528e968dd79,view
491898499,636718bf-7f88-40e7-8dd8-6bc60b317957,"view,view"
492035308,f0b79c99-ec57-4357-b309-66f8f921d12e,"view,view,view,view"
492084270,079c2839-373f-4069-9d71-2c7778379ee2,"view,view"
492084270,dd480aa6-4d48-4b22-aa34-30cda5a73694,"view,view"
492089678,9e497d08-2308-4668-9049-300e1874a296,"view,view,view,view,view,view,view,view,view,view,view,view,view,view,view,view,view,view,view,view,view,view,view,view,view,view"
492089678,bbc7cdae-5aa5-45e8-94a3-e0b92b8f3812,"view,view,view,view,view,view,view,view,view,view,view,view,view,view,view,view,view,view,view,view,view,view,view,view,view,view,view,view,view,view,view,view,view,view,view,view,view,view,view,view,view,view,view,view,view,view"
492254857,79383bf3-cc0e-4f76-8962-a46cd2ecd4e6,view
492293893,6c430a6f-197e-4827-beab-f34dd43cd01c,"view,view,view,view,view,view,view,view,view,view"
492355553,09ca41fa-e4bc-4665-9573-ee8ccb6936b0,view
492467100,4dfa109c-b2b9-4b3c-8e3c-701550378f7a,"view,view,view,view,view,view,view,view"
492512862,dd3d3d65-259d-4f99-8564-0f542dd4e810,"view,view"
492512862,faf6f2ba-4a77-4ab4-b5ad-b31dc482ccfc,"view,view,view,view,view,view,view,view"
492538758,0c9a130e-4ff5-4b62-bd8d-b8589af4e1ab,"view,view"
492568206,74f760ca-cac8-4e61-a8ec-924770e6f3c3,"view,view,view,view,view,view,view,view,view,view"
492568206,7c757add-c6ce-469e-8cb0-f44f0734887e,"view,view"
492585839,017bb173-c9c5-411c-bdde-ccb9a59193ec,"view,view,view,view,view,view"
492585839,6e88b6bc-d16c-4fca-93ed-a9ea45628158,"view,view"
492585839,dbc5b7b1-9120-48c6-9166-404d50bdc299,"view,view"
492759196,dfb5ea47-3fc5-402c-982e-d513ee92e97c,"view,view"
492789680,298f4f52-e8ca-4fd3-8be5-d58fe637d882,"view,view"
492966412,07a396f5-e74d-4535-b5be-518fa6d58429,"view,view,view,view"
492966412,3c8882a5-7bb3-4ca4-aed6-7fd3d19148df,"view,view,view,view"
492966412,d33c7196-d478-4717-8602-5842c3bc486a,"view,view"
493119996,f36938c8-c0e9-4924-8fe6-ebca439b940b,"view,view,view,view"
493151433,bb95b54e-3ef7-4d07-a32c-8dd3e6f06b9b,view
493162554,3291effc-98e4-4b55-b81d-48c293399540,view
493211320,0ab2c5fc-7623-4220-9827-4953f0bcbafc,view
493290485,e7412bc2-ae4f-4a39-8eb2-a52d34b43864,view
493363431,a140fc43-f94b-430a-9f19-dda1926840c5,"view,view"
493436967,449fe8e1-f939-4f13-a19d-139e27409bb0,"view,view"
493436967,6fd5c7f4-c739-4ae2-be5f-10c8552be866,"view,view"
493436967,8286db66-8dea-47c1-a5b7-37be14db2313,"view,view"
493436967,89de3af7-2cd8-4d22-b6bb-5cd4694d78eb,"view,view"
493450133,b3f8d73e-8d99-45f5-a798-19bc5892db4d,"view,view,view,view,view,view,view,view,view,view,view,view,view,view,view,view,view,view,view,view,view,view,view,view,view,view"
493478348,318d4ca9-b171-4ef6-b94a-7fcb5bb11bc7,"view,view"
493571344,dcc6721b-1ffc-4543-97b3-82a5cf741eda,"view,view,view,view,view,view"
493595341,2343a9b6-bee0-4076-90b7-09a6e7dc73be,"view,view,view,view,view,view"
493675592,fbdd2422-fcc7-4084-af08-5f4fb13df71e,"view,view"
493782994,8f185bf2-972a-441a-bff5-0afdce0ab9d8,"view,view"
493783485,b8ccbf93-276b-490d-b5fb-6fd99a15cbd6,"view,view,view,view,view,view,view,view,cart,cart"
493817755,7f1ec8ce-f1ed-43f1-bd62-8e9923fb170c,"view,view"
493860581,3daf41cf-9d3c-4b43-a275-2d5c18e74c74,"view,view,view,view,view,view,view,view"
493860919,25c5d964-1f93-4650-a34a-1ec275834dd2,"view,view,view"
493872266,ceb62df0-979f-4acc-8505-6b92e28897bf,"view,view"
493920122,3d418bce-79b2-4567-9a66-ab633e52601a,"view,view"
493992514,f929f8fb-75ce-454f-a83f-f160eaff8a77,view
494064414,dbe54664-0f64-428d-8f24-c628cdb2da02,"view,view,view,view,view,view,view,view"
494073322,f12a71bb-508a-405d-9b17-5c1188e575a1,"view,view"
494259140,fca85566-463f-46ae-bd3b-9536b629a76c,"view,view,view,view,view,view"
494373027,2256cd61-e6ce-413f-b010-8cf17e2b5a95,view
494373027,b9e98f4d-6269-40f1-9861-e93bb3e38fff,"view,view,view,view,view,view,view,view,view,view,view,view,view,view,view,view,view,view,view,view,view,view,view,view,view,view,view,view"
494373027,c4ca662b-2009-4cb5-97a3-5c9cd491516e,view
494373027,fe7d62e4-917f-418e-af80-859ba6eab24c,view
494406920,efe2373a-e1e5-428a-97ea-25a5e80900ec,view
494419109,8f07819e-489c-4346-b64a-19521ab7c5f7,view
494513629,4bd3e20c-1191-4d0a-b46b-93291a2b6b20,"view,view"
494516966,95abf8f6-7559-4122-af69-c773fd3181ab,"view,view,view,view,view,view,view,view"
494588902,07f78d5c-95ae-4073-a2ab-e278102bb3ce,"view,view,view"
494588902,47f7aca3-d254-430a-9375-1ea1cf5777cf,"view,view,view,view,view,view"
494611954,b373d83e-80dc-4ef7-bfab-f3b263a22704,view
494678777,7d5482d4-52f2-4930-a3ea-4a4374f4bab3,"view,view"
494682640,4995490b-243e-4f71-ad3b-ea1ab720285b,"view,view"
494682640,a31c7f5b-f678-4b49-98f6-da710c2386f7,"view,view"
494714764,761243df-77ff-4512-9c38-d5a297d1e209,view
494810489,13dd86f5-185d-4990-b4b8-cedb10682581,"view,view,view,view"
494810489,6ee52f12-30e1-4e96-9b33-b46a805104f9,"view,view"
494810489,b8913c80-cfa0-43ef-849c-61a199bc67ee,"view,view"
494810489,e512953e-ba60-4f01-ac75-f56ec0e3db6d,"view,view"
494810489,f4c248e9-f1d7-4557-a4e9-48c34552f60d,"view,view"
494822267,eeaf39cf-de4c-4871-bee6-ac19b9c1ecf7,"view,view"
494879984,7ec9305a-fe85-48c0-89e5-60cf59b7195b,"view,view,view"
495069712,3b15071e-148e-4817-b422-3533e4123c2b,view
495170987,b6f86cb2-789c-4d1c-9574-9157a806f896,"view,view,view,view"
495170987,f80ec56c-a4f9-4dca-b956-b1b39bf6e18f,"view,view"
495206073,30ae6293-3c6b-49c5-bc88-9564ecc1b4e4,"view,view"
495259233,1e2e8869-ea33-4acf-a71f-f7f70f596bca,view
495281948,0cce43f3-d827-45c1-af62-11e6490592e8,"view,view,view,view,view,view,view,view,view,view,view,view,view,view,view,view,view,view,view,view,view,view,view,view,view,view,view,view"
495281948,ec0dea6d-26f8-46c0-a09d-36bd9d4344ae,"view,view,view,view,view,view"
495304552,59e9e8db-54a3-4312-9b51-de52a0308c60,"view,view"
495304552,64ac2e4e-fbd6-435c-b1bc-b05bfd9ed339,"view,view,view,view"
495304552,ddc231a6-78ae-433f-84df-98d7a9877ee6,"view,view,view,view"
495381167,468304d4-baed-47a7-93d3-b75421fab90e,"view,view,view,view,view,view"
495547353,350e6d07-a0f4-4e03-876d-49bc196f1326,"view,view"
495547353,3b38d742-26c9-48ad-929b-dc05d1e01ce1,"view,view"
495547353,3de5768c-b3b6-465d-9894-0c0227c3b49a,"view,view"
495547353,425e0718-9b62-448f-a1c8-ff3509e644ac,"view,view"
495547353,8ed68f11-31e2-47de-a16f-f58008dbf9f3,"view,view"
495577896,23fa35a6-6f9e-45aa-b9eb-d9117029bf59,"view,view,view,view"
495577896,4285e337-a613-42ec-8e18-eafd9037327d,"view,view"
495577896,656fbe17-580b-46ef-8a6f-a1ae5cea00ac,"view,view"
495774741,6f44632b-3775-4a76-917c-6c36dce10083,view
495813928,a5a67be4-c78a-4002-ae75-2fe71bbadfa3,"view,view"
495813928,c03a7a45-48bf-48e6-8f24-fbcb5123f7da,"view,view,view,view"
495816528,4bd89b53-236c-4df7-bc09-8ea3afd19eb4,"view,view,view,view,view,view,view,view,view,view"
495964333,c8366a1a-8453-42d8-bff9-6a784f421b65,"view,view"
495984522,347a4ac8-9e91-428b-99d4-6ac74a8974fd,"view,view"
495984522,57f88380-9b71-4635-a1a2-88d21f0cb9b5,view
495984522,6507806a-5e00-426f-a084-b59d326cbe4e,"view,view"
495984522,6db8326c-8891-44d4-a84a-c638c45eac74,view
495984522,8f689eef-151b-415c-9ab3-c843ca50cb45,"view,view"
495984522,bfdb0236-8310-4611-b2cc-65e672d16b38,"view,view"
496277011,fe4ec7b7-5629-4bc7-9e0e-fa9b8f9a4cbc,"view,view,view,view,view,view"
496277171,fb06150d-a0ab-4145-9bb2-27e41985a4e4,"view,view"
496291117,4373982d-29f0-47cb-9a26-5b8738f0e9e8,"view,view"
496579817,eff21cd6-781a-49ca-b22f-818fa56894be,"view,view"
496649390,a317881e-d058-5783-8291-306ebc0c4bb7,view
496649390,c6a7fe5c-e01a-4fde-bae0-256be0adbbd6,"view,view,view,view,view,view,view,view,view,view,view,view"
496671237,65c3852e-ab59-482b-b42b-eb26146455c2,"view,view,view,view,view,view,view,view,view,view,view,view"
496690575,5541e5d8-74a3-4b11-aa57-5a9ff1cc4408,"view,view,view,view"
496690575,b1ed6295-1684-4b57-824e-29215e97a027,"view,view"
496698778,eca696b6-e713-4e28-af92-498790c3f35e,view
496765250,39968e38-24d7-4639-9282-6de3a04c221d,"view,view"
496765250,e47f05ed-1296-4993-8af4-694b6a2c0485,"view,view,view,view"
496859501,a77fbf34-8600-4fa1-a1e7-189d6a337119,view
496938337,87abc41e-f95e-410c-b139-5a495026e850,"view,view"
496938337,ef541947-3d46-407f-9dfc-6486b30c332d,"view,view"
496955189,46db76d7-f0e4-4668-aceb-12d5864157df,"view,view,view,view,view,view,view,view"
496992677,02f1a463-49cd-40c3-96b0-2f14d91c341e,"view,view,view,view,view,view"
497060267,f5d244b4-161c-48c5-b566-16703760ae96,"view,view,view,view,view,view,view,view"
497325050,5df8c4ab-b850-43a9-b50f-834ebe143871,view
497383639,5916708e-d549-4769-863c-f47cb671c75d,"view,view"
497531301,a278b309-bb66-46e6-af23-3a72a2952e59,"view,view"
497572597,47e5609d-1929-49f1-b4fd-7134ace24a75,"view,view,view"
497572597,edfcc3af-c62a-43c3-ad4e-e02f2ab73cae,view
497584558,e1ebcd3e-af92-41be-b1cc-ec30b7f3fd12,"view,view,view,view,view,view,view,view,view,view,view,view,view,view,view,view,view,view,view,view,view,view,view,view,view,view,view,view"
497701759,2652fe16-2ded-4971-b83d-18af04bd3813,"view,view"
497738716,5379b35a-5ecb-4cc2-b7d4-853494452478,"view,view,view,view"
497780358,3b85c64c-a1c1-4db2-ae0e-76be15bd3223,view
497801859,5351765a-06fb-4e48-be75-dad22c65bcc8,"view,view"
497826088,f2bfc8d0-5921-4a9b-b9f4-052e026797fe,"view,view"
497895766,68e1a3da-0a1d-49fb-b0f7-acd8dfd86477,"view,view"
498088796,62fd8422-61e5-4856-bfba-3a522e3afc2d,"view,view"
498133888,bda353ab-4d2d-5c24-40ca-c36f7d64d20d,"view,view"
498151141,754d04dd-16a8-443b-aefe-24f7fde0c203,"view,view,view,view"
498335907,5dd9a74b-41c7-46ca-8990-38b5a02cf243,view
498382295,bbbdf336-837b-46f4-bdc6-403d1d257bae,"view,view,view,view,view,view,view"
498384221,bbb1700f-c044-4298-a00d-85ee7e2b8b70,"view,view"
498587881,a1eb69e8-859f-422f-8712-4370b1e1989d,"view,view,view,view,view,view"
498670565,56f7abc9-3cd3-40cd-bc33-5e35cb2a253c,view
498670565,6df522ae-0f86-4e81-ad82-493e23bb0e32,"view,view"
498762362,bbe91332-737e-4d3c-9cc8-df5f9f206887,"view,view"
498803075,72bba3d7-b617-42b0-9a90-b84c19de4519,"view,view"
498932059,a0c8c5fd-af96-454c-9da8-bb7cae82cb04,"view,view"
499051312,b312fb9c-7362-449e-95d1-9421e1dac49f,view
499097614,0aba49fc-f1bb-4064-945f-29f4b2dc77a8,view
499147179,ba807d54-05a3-47cb-85ab-8c044d54590d,"view,view,view"
499155179,9d65e19d-a238-48c2-8f9e-801c763df905,"view,view"
499253410,2ddb89d3-e244-4ede-b9f3-1bec082ef4c4,"view,view"
499321767,9afc1e3b-7141-49a5-a590-0dacabdf317f,"view,view,view,view,view,view,view,view"
499322922,430a2861-6268-4550-bbf5-3f597fd57a06,"view,view"
499386220,12a563f4-d4e2-4cc0-82f5-eca185fa1649,view
499386220,674bfc7a-2e3f-4a89-9895-495a52582093,"view,view"
499392404,13e646f7-e2ec-4487-ac1b-07ab0af00ab7,"view,view,view,view,view,view,view,view,view,view,view,view,view,view,view,view"
499392404,91054d82-6e57-418e-8557-d983feb2e5b9,"view,view,view,view,view"
499460198,ee5ea117-d95a-4042-b121-a78ad4b271f3,"view,view"
499494897,2915f2ff-2b2f-4e21-9d37-9fab0200bd1d,"view,view"
499510724,a68969a4-563d-49fa-a477-314467b7ad57,"view,view"
499599788,73e6feab-5310-4b1c-bca8-e51b2de736d0,"view,view"
499656754,681e07ce-ef45-47d5-8389-228fbd817502,view
499816563,35e57ad6-a74e-4fd7-add6-3300a08b9a66,"view,view,view,view,view,view"
500088965,92a01db5-6192-4d95-ae97-7a1a6dfcfa49,"view,view"
500088965,b19eb388-f841-4dff-aced-933a41d8017a,view
500088965,c69d4a32-e8ad-49f9-abcf-305b9016a034,"view,view,view,view,view,view,view,view,view"
500088965,e7056012-8e7b-13a2-21d5-3a9dd48b19fd,"view,view,view,view,view,view,view,view"
500109513,fafaabb6-d9ff-4269-8855-a748e10a86ed,"view,view,view"
500160228,51158cf5-19da-44c3-9353-f5a31e881f9d,"view,view,view"
500388705,f0064106-a806-49a7-bbd9-12f1c27db95a,"view,view"
500407611,9bfd0ead-8c07-4ffd-923f-b00d553d7c45,"view,view"
500407611,bb4ea2cc-55b2-4758-8fac-5a62d02736f9,"view,view,view,view,view,view,view,view,view,view,view,view,view,view"
500407611,f86ff7ba-93c4-49e6-b0a2-53dad5384810,"view,view"
500488628,574b2ec8-f8d8-4637-a2f3-88e2e48ffe77,view
500488628,74d6c864-2a71-4754-b3fd-973a0dc0816b,"view,view"
500488628,a1730d84-d2b4-4ad3-b367-1cbf6494990c,view
500512398,08bbff43-d7df-b9bb-01ef-b238937a6336,"view,view,view,view,view,view,view,view,view,view,view,view,view,view,view,view,view,view,view,view,view,view,view,view,view,view,view,view"
500512398,30ecba88-ad17-4e70-9e98-62f0c7b32b9a,"view,view,view,view,view,view,view,view,view,view,view,view"
500512398,e5af8125-3e10-4b16-995b-252303d21b34,"view,view,view,view,view,view,view,view,view,view,view,view,view,view,view,view,view,view,view,view,view,view,view,view,view,view,view,view,view,view,view,view,view,view,view,view,view,view,view,view,view,view,view,view,view,view"
500538080,631429f7-3718-483b-88b5-258e8dfa2f18,"view,view"
500587078,6b7971ff-c481-4797-9a4f-54c895f2f154,"view,view,view,view,view,view,view,view,view,view,view,view"
500587078,95191f7b-45c4-4c6d-8100-3ecbbbf63903,"view,view"
500587078,a5780065-27ff-4c18-a3e6-85960686572c,"view,view,view,view"
500774449,f8120bab-f4f8-4adb-8d34-16bec494465c,"view,view,view,view,view,view"
500950007,8f3ee2b5-4e33-4df2-ad7c-0a2adaa55fc9,"view,view"
501110983,ba7e1146-83ca-4d93-8384-e8f0a34bc573,"view,view"
501121103,6b096358-c71b-4c3c-82f2-10a5794cf8ce,view
501207556,68a7dbc6-716b-4c9e-8ec8-08f05c5bc947,"view,view,view,view,view,view,view,view,view"
501235705,214fce8a-4c05-4b9c-99dc-ff48859db91e,"view,view,view,view,view,view,view,view,view,view,view,view,view,view,view,view,view,view,view,view,view,view"
501235705,58d715b3-685f-4984-aea4-959d6581c9eb,view
501372247,1720e7f2-8f8f-4f06-87f5-093df7807dcb,"view,view"
501372247,bd33dd07-844b-4745-888c-148d51d9c3cd,"view,view,view,view,view,view,view,view,view,view,view,view,view,view"
501383226,f63530e8-fc38-4eb6-8c23-96b0d2018811,"view,view,view,view,view,view,view,view,view"
501385277,56b22281-c646-4dc4-91ad-157d8c847c63,"view,view"
501458365,34becd6a-458b-4bce-9c26-dc32398129fe,"view,view"
501458365,4fc14c34-82d9-48b2-a061-4f100947182d,"view,view"
501458365,618de451-a00b-4ea6-9f86-a3fc3e24b8a5,view
501458365,ad5bef5c-920a-4d5e-80c9-d342da679792,"view,view"
501458365,c23f62bd-77a9-464f-b6d0-f65304df592a,"view,view"
501584215,03cab7bd-1419-4649-a05d-438d0339c3f6,"view,view"
501584215,63ef8738-35f3-421e-80b9-31051afbbdeb,"view,view"
501584256,7d9b573d-68ca-4f1d-88b1-e7cd1f021a0c,"view,view"
501662626,0325e700-08ea-47e5-a3be-b6e20861f1da,view
501735582,446aa8f6-b9e0-48f6-80be-5dd4d433ad8d,"view,view,view"
501939521,0070fc3c-7f11-45d9-be01-a61bff20e881,"view,view"
501981559,177eec83-97f6-461d-b56a-8d3611aac535,"view,view,view,view,view"
501981559,e6b9ddc8-8740-4aa8-9395-e44ee5ad965e,view
502012092,38ea6385-b689-4e9a-9b25-4d47e7beeee8,"view,view,view"
502012092,cceefe17-117e-44fa-b253-69c07cd6a433,"view,view"
502027055,a4f96ed9-f147-46bd-ac2a-f30135a9bc69,"view,view"
502046619,0312e81b-47ba-4f6c-8374-405d11271848,"view,view,view"
502079111,6b815307-7e70-45aa-ba51-a283963f7e7f,"view,view"
502079111,9ffe97f9-14a0-4c40-82e7-b58a66450171,"view,view"
502079111,f53c9bb3-1146-49ea-97bc-6d97a85788e3,"view,view"
502108428,a4267b88-e6c0-42e1-937e-826e0ef29483,"view,view,view,view,view,view,view,view"
502116641,440a529e-9d7e-4306-9bb8-05c1ee05bf99,"view,view"
502188184,c0ee669e-5b60-4b7c-8bdd-65c7919b1f8d,"view,view"
502205643,f03e2b48-6261-4533-b8df-a6d45e5705d4,"view,view"
502206879,fb690297-b15c-4182-b866-4acba767b98a,"view,view,view,view,view,view,view,view,view,view,view,view,view,view,view,view,view,view,view,view"
502364435,79989ae6-209c-42f4-bd28-e0cb80a8fe33,"view,view"
502364435,b5cc9ab6-edd8-4a87-a8e3-f2c412674693,"view,view"
502401155,a0bafab4-8a0e-45ad-95ea-d73d05623814,"view,view"
502609475,262c5af6-a2d5-495d-b26c-5d6be3261917,view
502709422,27185a63-0876-43cb-bc64-471881ed1d5f,view
502709422,38864dd4-0d43-4d2e-8c86-11557717d045,"view,view"
502782991,4389d5d4-b373-4a6a-aab2-84f13ac08ffa,"view,view,view,view,view,view,view,view,view,view,view,view,view,view,view,view,view,view,view,view,view,view"
502828026,8b5b5240-7991-d6e5-7fe0-0904274e6bc4,"view,view"
502870759,e00dd948-cd43-4684-9688-3b97e2bf64d4,"view,view,view,view"
502903260,2c0dbe4a-a8a9-4233-a8e4-0640b2dc5b48,"view,view"
503182609,4102fd51-091a-42b3-9010-4e5da3db1026,"view,view"
503187604,97de9e91-a8f1-4c2a-94c6-b394abf3e297,"view,view"
503187604,ea85da84-ef62-493c-9d7b-270ea83672a2,"view,view"
503216217,90bdc6a8-59fc-4cda-b593-ab13c63c47d4,"view,view"
503258163,2414f5d1-17b6-4d89-8d48-d5a7ca05dae0,"view,view"
503313197,49bfee3d-a5b9-4b5f-9100-183a7508f051,view
503346652,1ea8ce26-e2e1-a4a3-839d-5c669faec4e7,"view,view,view,view,view,view,view,view,view,view,view,view,view,view"
503346652,2e93b039-734f-46f8-a0d3-018a64f58244,"view,view,view,view,view,view,view,view,view,view,view,view,view,view"
503347063,33461dec-339c-4c84-87b9-699b481437a9,"view,view"
503347063,fa98c2dc-fc8f-4bff-b88e-c1a5c4516530,"view,view"
503347063,fda54f5c-b52d-4637-88fe-47d32a57fb4a,"view,view"
503354928,c12fe393-e36a-4714-b237-aea8a10cc7b2,"view,view"
503619227,4bc56817-60ae-47cf-86f5-0a9f0ac4ace2,"view,view"
503619227,7063fd06-73d9-44f4-a976-869a561579be,"view,view,view,view,view,view,view,view,view,view,view"
503676989,b96d35da-7716-4866-84c4-2c0c913e560c,"view,view,view,view"
503712613,fd60ad95-bec7-4d9d-915c-32b45e7e2840,view
503749989,1d7fb234-2341-4eb1-888f-ad0aecf71e8b,view
503757782,d2338de6-15ba-4b39-8379-732438a68211,"view,view"
503856300,9059b3e8-e188-4033-949e-730d4fcac3be,"view,view,view,view"
503856300,d3ab243c-dde3-4009-8803-f29165a26820,"view,view,view,view,view,view,view,view,view,view,view,view,view,view,view,view,view,view,view,view,view,view,view,view"
503865723,5533376b-2129-4d3d-a828-3ff3e54ed41f,"view,view"
503865723,ac02d304-7545-4ea1-b297-ef5152bd9f07,view
503919917,89b87112-d34d-447b-bf22-da67f57b2593,"view,view"
503941521,d9a300af-f0dd-4ed6-8cfe-18994185b6dc,"view,view,view,view"
503955921,c4d3719a-fb90-4da2-81bf-f65ac93cff99,"view,view,view,view"
503956081,3cf16481-ebff-462f-bec6-ffa184a3e94b,"view,view,view,view,view,view,view,view,view,view"
504043156,0af5935e-e13e-4f1b-9c84-426b28b15bca,"view,view"
504043156,67b38acf-cf53-4406-9a73-1da445f441f3,"view,view"
504043156,f53358df-1d19-44ad-bfa1-a3d5ac5b78f1,"view,view,view,view,view,view"
504105065,0e78e005-6954-43ab-beb8-0cfa5743ba81,"view,view"
504125859,6f10c2bc-1416-44a1-9c5c-66ef435ea8db,view
504211862,a435e3aa-4dfb-4285-8fb7-d2e851be29ee,"view,view"
504213327,bc53e2bd-04f6-4d24-9ebc-264f7c3a281c,"view,view,view,view"
504365010,f45288ff-2b60-489b-b42e-96f7e106386b,"view,view,view,view,view,view,view,view,view,view,view,view,view,view,view,view,view,view,view,view,view,view,view,view,view,view,view,view,view,view,view,view,view,view"
504402688,1cea79df-63a5-41e3-ba7b-582c0207046e,"view,view,view,view,view,view,view,view,view,view,view,view"
504479987,ff72f4c8-b31d-4298-87cf-ca9f700bbfc5,"view,view"
504533956,ec7d2d30-c53d-465a-802b-94223ceb5229,view
504568072,68a2ccde-2284-47f7-91ad-3834b533e442,"view,view"
504619054,e209dbcd-286a-4a90-b854-75a1e9266b4f,"view,view"
504624561,f438b3b3-2c76-4198-9f7a-8695b7ce724a,"view,view,view,view,view,view"
504632702,0f50ad7c-6b5d-4dd5-b79d-bf46775597e8,view
504779024,94cc1473-24d9-4ba4-b8f3-a75bd2cd03b4,"view,view,view,view"
504819239,c15f749b-02bb-4f21-9e7e-ee8342793196,"view,view"
504861560,9f04358c-27f2-4bd8-ba06-d6c1cb5fd62e,"view,view,view,view"
504874549,d5772c4a-8f10-4392-994d-196e5fb21b87,"view,view,view,view"
504881295,0999e10f-0bde-4f2d-991b-bc88b273a388,"view,view"
505055637,c248c7f1-9e4b-4771-a1bf-b961f21cbd3d,"view,view,view,view,view,view,view,view,view,view,view,view,view,view,view,view,view,view"
505115302,945ae5f6-3679-4446-9474-c7ae829dcfb3,view
505206708,283bf38c-6449-41ba-9e3d-ed6c586d7112,"view,view,cart,cart,view,view"
505229736,c9807d3e-f25c-4d04-8c83-744e4990c48e,"view,view,view,view"
505355037,e406ccbd-7978-4632-be2d-1a4efb2b8012,"view,view"
505423683,ebe2dbad-a4bd-4651-be0b-56ff70c3ca65,view
505489547,10f8bda7-a0b6-4e39-899c-01bedafdc076,"view,view"
505561548,65400ecf-ec5e-4f4a-aaa3-340a0c75cea5,"view,view"
505561548,f581b7d2-a0a3-4443-9742-9417dc661ea5,"view,view"
505573476,f9b0560d-e531-4b3c-b7c9-724e9cac758a,"view,view"
505712926,d246b3b3-1490-4236-8ef2-dc096a6eb60f,"view,view,view"
505774664,e698e709-6aca-4f01-8299-9a5799cbbbca,"view,view"
505842350,9c04412a-a04d-41e6-9c3d-3c2310ee79a1,"view,view,view,view,view,view,view,view,view,view,view,view,view,view"
505852383,8a100db3-5364-4352-aea2-39f647853135,"view,view,view,view"
505852383,f90a49fc-19bc-43a0-9a30-88c1947e56bb,view
505877126,f095b77f-dabf-4e2a-895a-dedf58175179,"view,view,view,view"
505877345,61e673c1-dbb9-4f19-8556-ef7b469ab2a3,"view,view,view"
505882739,f03fa01b-7ab6-4bd8-8d5a-60721ac3cf04,"view,view,view,view,view,view"
505884260,9fd1973b-1638-4f90-a11b-675c439f7dcc,view
505903833,2506d464-a6ca-4ba2-8ae0-5154d0c74d2a,"view,view,view,view"
505982342,472c0b71-1f07-4c21-b826-40f9d0fdafeb,view
506018752,a9d9e904-9c41-4b86-95dc-cc172599ce52,"view,view"
506082037,f4798497-38d6-4a34-993d-844c710df189,"view,view,view"
506158818,87b226f0-9329-4acd-827d-45c18ab4a6a3,"view,view,view,view,view,view,view,view"
506202413,d9b39966-da43-44da-a2f3-c38102951bcf,view
506312060,a9bb4447-445b-456c-9263-54bb9b7650dc,"view,view,view,view"
506328577,faf87b4a-902b-49d1-ab09-79d7f4a97930,"view,view,view,view"
506356281,844be95a-d647-4f32-9a64-4f56300ad618,view
506494130,33d1a773-9813-4327-b164-f9a55e7dfe9d,view
506508410,26fe4597-cb6b-47cc-a015-0e481715e252,"view,view,view"
506601860,3f2e59d4-c0a7-4ff0-9389-18655079b44c,"view,view"
506737275,8e2895e9-f168-4d86-9956-5317064099b0,"view,view,view,view,view,view"
506865650,d4777c4d-befd-4558-9dec-e2e82ef57815,"view,view,view,view,view,view,view,view,view,view,view,view,view,view,view,view,view,view,view,view,view,view,view,view,view,view,view,view"
506885070,38ab9e81-ef16-4aea-a17a-3705fb4b1a8e,"view,view"
506885070,3ab10d92-7dcf-4a1d-98cc-f957e3a97231,view
506885070,819c89b5-f2d2-4a09-ba9e-6202c43803f7,view
506885070,c1fcb2c7-2d89-4f69-8e12-af332c739681,"view,view"
506893431,a0ccdc58-68c5-4730-a55e-57d0fb27c8f9,"view,view"
506911432,bdabf665-1c32-478d-af5c-956a4f7d5429,"view,view"
507185744,87ebb1d4-8620-4ee8-b34f-05bcd7e36cc2,"view,view,view,view,view,view"
507223841,e528163e-0005-4b64-8b6f-1b2c857c38de,"view,view"
507235200,ccc01f12-e641-41fe-b27f-33a9fab5a316,"view,view"
507265483,31686f23-6663-45a8-b9c1-fe465a5235f4,"view,view"
507268196,2904a5a6-bd75-4f23-a0b8-c4cd9627019e,view
507364833,a524b4c6-b62e-42a3-a75d-f642cea31b9c,"view,view"
507388081,091d1ccc-b4ae-47a1-94ca-5070f4c665db,"view,view,view,view,view,view,view,view,view,view,view,view,view,view,view,view,view,view,view,view,view,view,view,view,view,view"
507388081,2fd0ed35-fc5a-4d09-a46b-3f18fc3978ff,"view,view,view,view,view,view,view,view,view,view,view,view"
507412213,31d1aeec-5aef-41eb-bd21-002eb29393a3,"view,view,view,view"
507412213,58d56855-710f-4000-8a0c-1a1c701af368,"view,view,view,view,view,view,view,view"
507412213,974316d5-718c-5f8a-abdd-7a3b14edf691,"view,view"
507413308,010bcadb-aa3a-452d-8ade-2664014a19f4,"view,view,view,view,view,view,view,view,view,view"
507457416,9c21bf4d-4fd6-45ad-93ed-ddc95860e0f9,"view,view,view,view,view,view,view,view"
507523635,77423838-1a4b-4371-a127-4f1ca491b6db,"view,view,view,view,view,view,view"
507607849,367349f0-1078-47e2-8680-d49425ad86a4,"view,view,view,view"
507607849,c762c423-57b4-4b74-bde3-f1e85e118b07,"view,view,view,view,view,view"
507607849,fb55163c-43c2-4250-9ebe-8f43101cd7d8,"view,view"
507612828,90b816f0-a843-4d57-9ec9-8fed1391996b,"view,view"
507618581,d1dead09-36cc-480e-a7bf-39aab2ce6deb,"view,view,view,view,view,view,view,view,view,view,view,view"
507619315,4fa550cb-329f-495b-84c0-5de5914e1c1e,"view,view"
507665157,bd707d58-ce50-4700-a4ad-a3abb9308ed8,"view,view"
507709990,04771736-db25-42a3-a4aa-52127ed350df,"view,view"
507745581,02ec6709-eab6-42a9-90f9-16953000c153,"view,view"
507987522,10772353-8709-43b3-a439-1387ee142eb1,"view,view"
507991133,4fa8e419-a9ac-45aa-991e-83bb60ab87d1,"view,view"
507991133,6ac60c70-c809-498e-8479-a97ed15c2735,"view,view"
507992477,6d28d561-6c0b-4260-9519-0a2b404f321a,"view,view"
508405200,5a8fdd79-3396-478d-8633-384b826fee7f,"view,view,view,view"
